species_count	selected_species_dirs	selected_species_names	gene_name	anatomical_entity	gene_tissue_label	gene_class	canonical_label	gene_number	anatomical_entity_letter	plot_label	species_order	species_dir	species_name	cell_mean_score	cell_std_score	cell_n	cell_status	expression_score	plot_order
7	human,bos_taurus,canis_lupus_familiaris,felis_catus,macaca_mulatta,pan_troglodytes,sus_scrofa	Homo sapiens,Bos taurus,Canis lupus familiaris,Felis catus,Macaca mulatta,Pan troglodytes,Sus scrofa	H2AC14	adult mammalian kidney	H2AC14:adult mammalian kidney	clustered	H2AC14:HGNC:4727	1	A	1:A	1	human	Homo sapiens	46.945	27.38624563535499	2	present_gold	46.945	1
7	human,bos_taurus,canis_lupus_familiaris,felis_catus,macaca_mulatta,pan_troglodytes,sus_scrofa	Homo sapiens,Bos taurus,Canis lupus familiaris,Felis catus,Macaca mulatta,Pan troglodytes,Sus scrofa	H2AC14	adult mammalian kidney	H2AC14:adult mammalian kidney	clustered	H2AC14:HGNC:4727	1	A	1:A	2	bos_taurus	Bos taurus	0.0	0.0	0	observed_zero	0.0	1
7	human,bos_taurus,canis_lupus_familiaris,felis_catus,macaca_mulatta,pan_troglodytes,sus_scrofa	Homo sapiens,Bos taurus,Canis lupus familiaris,Felis catus,Macaca mulatta,Pan troglodytes,Sus scrofa	H2AC14	adult mammalian kidney	H2AC14:adult mammalian kidney	clustered	H2AC14:HGNC:4727	1	A	1:A	3	canis_lupus_familiaris	Canis lupus familiaris	0.0	0.0	0	observed_zero	0.0	1
7	human,bos_taurus,canis_lupus_familiaris,felis_catus,macaca_mulatta,pan_troglodytes,sus_scrofa	Homo sapiens,Bos taurus,Canis lupus familiaris,Felis catus,Macaca mulatta,Pan troglodytes,Sus scrofa	H2AC14	adult mammalian kidney	H2AC14:adult mammalian kidney	clustered	H2AC14:HGNC:4727	1	A	1:A	4	felis_catus	Felis catus	0.0	0.0	0	observed_zero	0.0	1
7	human,bos_taurus,canis_lupus_familiaris,felis_catus,macaca_mulatta,pan_troglodytes,sus_scrofa	Homo sapiens,Bos taurus,Canis lupus familiaris,Felis catus,Macaca mulatta,Pan troglodytes,Sus scrofa	H2AC14	adult mammalian kidney	H2AC14:adult mammalian kidney	clustered	H2AC14:HGNC:4727	1	A	1:A	5	macaca_mulatta	Macaca mulatta	40.865	14.969450557719211	2	present_gold	40.865	1
7	human,bos_taurus,canis_lupus_familiaris,felis_catus,macaca_mulatta,pan_troglodytes,sus_scrofa	Homo sapiens,Bos taurus,Canis lupus familiaris,Felis catus,Macaca mulatta,Pan troglodytes,Sus scrofa	H2AC14	adult mammalian kidney	H2AC14:adult mammalian kidney	clustered	H2AC14:HGNC:4727	1	A	1:A	6	pan_troglodytes	Pan troglodytes	0.0	0.0	0	observed_zero	0.0	1
7	human,bos_taurus,canis_lupus_familiaris,felis_catus,macaca_mulatta,pan_troglodytes,sus_scrofa	Homo sapiens,Bos taurus,Canis lupus familiaris,Felis catus,Macaca mulatta,Pan troglodytes,Sus scrofa	H2AC14	adult mammalian kidney	H2AC14:adult mammalian kidney	clustered	H2AC14:HGNC:4727	1	A	1:A	7	sus_scrofa	Sus scrofa	61.14	0.0	1	present_gold	61.14	1
7	human,bos_taurus,canis_lupus_familiaris,felis_catus,macaca_mulatta,pan_troglodytes,sus_scrofa	Homo sapiens,Bos taurus,Canis lupus familiaris,Felis catus,Macaca mulatta,Pan troglodytes,Sus scrofa	H2AC14	liver	H2AC14:liver	clustered	H2AC14:HGNC:4727	1	B	1:B	1	human	Homo sapiens	41.035714285714285	2.265250958450717	7	present_gold	41.035714285714285	2
7	human,bos_taurus,canis_lupus_familiaris,felis_catus,macaca_mulatta,pan_troglodytes,sus_scrofa	Homo sapiens,Bos taurus,Canis lupus familiaris,Felis catus,Macaca mulatta,Pan troglodytes,Sus scrofa	H2AC14	liver	H2AC14:liver	clustered	H2AC14:HGNC:4727	1	B	1:B	2	bos_taurus	Bos taurus	39.02285714285715	8.030196581831428	7	present_gold	39.02285714285715	2
7	human,bos_taurus,canis_lupus_familiaris,felis_catus,macaca_mulatta,pan_troglodytes,sus_scrofa	Homo sapiens,Bos taurus,Canis lupus familiaris,Felis catus,Macaca mulatta,Pan troglodytes,Sus scrofa	H2AC14	liver	H2AC14:liver	clustered	H2AC14:HGNC:4727	1	B	1:B	3	canis_lupus_familiaris	Canis lupus familiaris	35.696666666666665	6.765784014682506	3	present_gold	35.696666666666665	2
7	human,bos_taurus,canis_lupus_familiaris,felis_catus,macaca_mulatta,pan_troglodytes,sus_scrofa	Homo sapiens,Bos taurus,Canis lupus familiaris,Felis catus,Macaca mulatta,Pan troglodytes,Sus scrofa	H2AC14	liver	H2AC14:liver	clustered	H2AC14:HGNC:4727	1	B	1:B	4	felis_catus	Felis catus	23.13	0.0	1	present_gold	23.13	2
7	human,bos_taurus,canis_lupus_familiaris,felis_catus,macaca_mulatta,pan_troglodytes,sus_scrofa	Homo sapiens,Bos taurus,Canis lupus familiaris,Felis catus,Macaca mulatta,Pan troglodytes,Sus scrofa	H2AC14	liver	H2AC14:liver	clustered	H2AC14:HGNC:4727	1	B	1:B	5	macaca_mulatta	Macaca mulatta	43.903333333333336	5.948235592733922	6	present_gold	43.903333333333336	2
7	human,bos_taurus,canis_lupus_familiaris,felis_catus,macaca_mulatta,pan_troglodytes,sus_scrofa	Homo sapiens,Bos taurus,Canis lupus familiaris,Felis catus,Macaca mulatta,Pan troglodytes,Sus scrofa	H2AC14	liver	H2AC14:liver	clustered	H2AC14:HGNC:4727	1	B	1:B	6	pan_troglodytes	Pan troglodytes	38.66	15.57049132172778	2	present_gold	38.66	2
7	human,bos_taurus,canis_lupus_familiaris,felis_catus,macaca_mulatta,pan_troglodytes,sus_scrofa	Homo sapiens,Bos taurus,Canis lupus familiaris,Felis catus,Macaca mulatta,Pan troglodytes,Sus scrofa	H2AC14	liver	H2AC14:liver	clustered	H2AC14:HGNC:4727	1	B	1:B	7	sus_scrofa	Sus scrofa	53.26333333333334	20.59443209543136	3	present_gold	53.26333333333334	2
7	human,bos_taurus,canis_lupus_familiaris,felis_catus,macaca_mulatta,pan_troglodytes,sus_scrofa	Homo sapiens,Bos taurus,Canis lupus familiaris,Felis catus,Macaca mulatta,Pan troglodytes,Sus scrofa	H2AC14	prefrontal cortex	H2AC14:prefrontal cortex	clustered	H2AC14:HGNC:4727	1	C	1:C	1	human	Homo sapiens	32.925	3.047080569988262	4	present_gold	32.925	3
7	human,bos_taurus,canis_lupus_familiaris,felis_catus,macaca_mulatta,pan_troglodytes,sus_scrofa	Homo sapiens,Bos taurus,Canis lupus familiaris,Felis catus,Macaca mulatta,Pan troglodytes,Sus scrofa	H2AC14	prefrontal cortex	H2AC14:prefrontal cortex	clustered	H2AC14:HGNC:4727	1	C	1:C	2	bos_taurus	Bos taurus	0.0	0.0	0	observed_zero	0.0	3
7	human,bos_taurus,canis_lupus_familiaris,felis_catus,macaca_mulatta,pan_troglodytes,sus_scrofa	Homo sapiens,Bos taurus,Canis lupus familiaris,Felis catus,Macaca mulatta,Pan troglodytes,Sus scrofa	H2AC14	prefrontal cortex	H2AC14:prefrontal cortex	clustered	H2AC14:HGNC:4727	1	C	1:C	3	canis_lupus_familiaris	Canis lupus familiaris	0.0	0.0	0	observed_zero	0.0	3
7	human,bos_taurus,canis_lupus_familiaris,felis_catus,macaca_mulatta,pan_troglodytes,sus_scrofa	Homo sapiens,Bos taurus,Canis lupus familiaris,Felis catus,Macaca mulatta,Pan troglodytes,Sus scrofa	H2AC14	prefrontal cortex	H2AC14:prefrontal cortex	clustered	H2AC14:HGNC:4727	1	C	1:C	4	felis_catus	Felis catus	0.0	0.0	0	observed_zero	0.0	3
7	human,bos_taurus,canis_lupus_familiaris,felis_catus,macaca_mulatta,pan_troglodytes,sus_scrofa	Homo sapiens,Bos taurus,Canis lupus familiaris,Felis catus,Macaca mulatta,Pan troglodytes,Sus scrofa	H2AC14	prefrontal cortex	H2AC14:prefrontal cortex	clustered	H2AC14:HGNC:4727	1	C	1:C	5	macaca_mulatta	Macaca mulatta	35.4525	1.3385159692734343	4	present_gold	35.4525	3
7	human,bos_taurus,canis_lupus_familiaris,felis_catus,macaca_mulatta,pan_troglodytes,sus_scrofa	Homo sapiens,Bos taurus,Canis lupus familiaris,Felis catus,Macaca mulatta,Pan troglodytes,Sus scrofa	H2AC14	prefrontal cortex	H2AC14:prefrontal cortex	clustered	H2AC14:HGNC:4727	1	C	1:C	6	pan_troglodytes	Pan troglodytes	26.46	1.0784556860004335	4	present_gold	26.46	3
7	human,bos_taurus,canis_lupus_familiaris,felis_catus,macaca_mulatta,pan_troglodytes,sus_scrofa	Homo sapiens,Bos taurus,Canis lupus familiaris,Felis catus,Macaca mulatta,Pan troglodytes,Sus scrofa	H2AC14	prefrontal cortex	H2AC14:prefrontal cortex	clustered	H2AC14:HGNC:4727	1	C	1:C	7	sus_scrofa	Sus scrofa	0.0	0.0	0	observed_zero	0.0	3
7	human,bos_taurus,canis_lupus_familiaris,felis_catus,macaca_mulatta,pan_troglodytes,sus_scrofa	Homo sapiens,Bos taurus,Canis lupus familiaris,Felis catus,Macaca mulatta,Pan troglodytes,Sus scrofa	H2AC14	spleen	H2AC14:spleen	clustered	H2AC14:HGNC:4727	1	D	1:D	1	human	Homo sapiens	44.434000000000005	6.099931147152401	10	present_gold	44.434000000000005	4
7	human,bos_taurus,canis_lupus_familiaris,felis_catus,macaca_mulatta,pan_troglodytes,sus_scrofa	Homo sapiens,Bos taurus,Canis lupus familiaris,Felis catus,Macaca mulatta,Pan troglodytes,Sus scrofa	H2AC14	spleen	H2AC14:spleen	clustered	H2AC14:HGNC:4727	1	D	1:D	2	bos_taurus	Bos taurus	46.832	6.314900632630731	5	present_gold	46.832	4
7	human,bos_taurus,canis_lupus_familiaris,felis_catus,macaca_mulatta,pan_troglodytes,sus_scrofa	Homo sapiens,Bos taurus,Canis lupus familiaris,Felis catus,Macaca mulatta,Pan troglodytes,Sus scrofa	H2AC14	spleen	H2AC14:spleen	clustered	H2AC14:HGNC:4727	1	D	1:D	3	canis_lupus_familiaris	Canis lupus familiaris	41.335	4.27799602617861	2	present_gold	41.335	4
7	human,bos_taurus,canis_lupus_familiaris,felis_catus,macaca_mulatta,pan_troglodytes,sus_scrofa	Homo sapiens,Bos taurus,Canis lupus familiaris,Felis catus,Macaca mulatta,Pan troglodytes,Sus scrofa	H2AC14	spleen	H2AC14:spleen	clustered	H2AC14:HGNC:4727	1	D	1:D	4	felis_catus	Felis catus	0.0	0.0	0	observed_zero	0.0	4
7	human,bos_taurus,canis_lupus_familiaris,felis_catus,macaca_mulatta,pan_troglodytes,sus_scrofa	Homo sapiens,Bos taurus,Canis lupus familiaris,Felis catus,Macaca mulatta,Pan troglodytes,Sus scrofa	H2AC14	spleen	H2AC14:spleen	clustered	H2AC14:HGNC:4727	1	D	1:D	5	macaca_mulatta	Macaca mulatta	0.0	0.0	0	observed_zero	0.0	4
7	human,bos_taurus,canis_lupus_familiaris,felis_catus,macaca_mulatta,pan_troglodytes,sus_scrofa	Homo sapiens,Bos taurus,Canis lupus familiaris,Felis catus,Macaca mulatta,Pan troglodytes,Sus scrofa	H2AC14	spleen	H2AC14:spleen	clustered	H2AC14:HGNC:4727	1	D	1:D	6	pan_troglodytes	Pan troglodytes	64.72	0.0	1	present_gold	64.72	4
7	human,bos_taurus,canis_lupus_familiaris,felis_catus,macaca_mulatta,pan_troglodytes,sus_scrofa	Homo sapiens,Bos taurus,Canis lupus familiaris,Felis catus,Macaca mulatta,Pan troglodytes,Sus scrofa	H2AC14	spleen	H2AC14:spleen	clustered	H2AC14:HGNC:4727	1	D	1:D	7	sus_scrofa	Sus scrofa	77.968	26.6286559931214	5	present_gold	77.968	4
7	human,bos_taurus,canis_lupus_familiaris,felis_catus,macaca_mulatta,pan_troglodytes,sus_scrofa	Homo sapiens,Bos taurus,Canis lupus familiaris,Felis catus,Macaca mulatta,Pan troglodytes,Sus scrofa	H2AC14	testis	H2AC14:testis	clustered	H2AC14:HGNC:4727	1	E	1:E	1	human	Homo sapiens	31.56	13.845150775632602	2	present_gold	31.56	5
7	human,bos_taurus,canis_lupus_familiaris,felis_catus,macaca_mulatta,pan_troglodytes,sus_scrofa	Homo sapiens,Bos taurus,Canis lupus familiaris,Felis catus,Macaca mulatta,Pan troglodytes,Sus scrofa	H2AC14	testis	H2AC14:testis	clustered	H2AC14:HGNC:4727	1	E	1:E	2	bos_taurus	Bos taurus	58.612	10.300391740123288	5	present_gold	58.612	5
7	human,bos_taurus,canis_lupus_familiaris,felis_catus,macaca_mulatta,pan_troglodytes,sus_scrofa	Homo sapiens,Bos taurus,Canis lupus familiaris,Felis catus,Macaca mulatta,Pan troglodytes,Sus scrofa	H2AC14	testis	H2AC14:testis	clustered	H2AC14:HGNC:4727	1	E	1:E	3	canis_lupus_familiaris	Canis lupus familiaris	0.0	0.0	0	observed_zero	0.0	5
7	human,bos_taurus,canis_lupus_familiaris,felis_catus,macaca_mulatta,pan_troglodytes,sus_scrofa	Homo sapiens,Bos taurus,Canis lupus familiaris,Felis catus,Macaca mulatta,Pan troglodytes,Sus scrofa	H2AC14	testis	H2AC14:testis	clustered	H2AC14:HGNC:4727	1	E	1:E	4	felis_catus	Felis catus	12.78	0.0	1	present_gold	12.78	5
7	human,bos_taurus,canis_lupus_familiaris,felis_catus,macaca_mulatta,pan_troglodytes,sus_scrofa	Homo sapiens,Bos taurus,Canis lupus familiaris,Felis catus,Macaca mulatta,Pan troglodytes,Sus scrofa	H2AC14	testis	H2AC14:testis	clustered	H2AC14:HGNC:4727	1	E	1:E	5	macaca_mulatta	Macaca mulatta	60.586666666666666	3.903925374969832	3	present_gold	60.586666666666666	5
7	human,bos_taurus,canis_lupus_familiaris,felis_catus,macaca_mulatta,pan_troglodytes,sus_scrofa	Homo sapiens,Bos taurus,Canis lupus familiaris,Felis catus,Macaca mulatta,Pan troglodytes,Sus scrofa	H2AC14	testis	H2AC14:testis	clustered	H2AC14:HGNC:4727	1	E	1:E	6	pan_troglodytes	Pan troglodytes	0.0	0.0	0	observed_zero	0.0	5
7	human,bos_taurus,canis_lupus_familiaris,felis_catus,macaca_mulatta,pan_troglodytes,sus_scrofa	Homo sapiens,Bos taurus,Canis lupus familiaris,Felis catus,Macaca mulatta,Pan troglodytes,Sus scrofa	H2AC14	testis	H2AC14:testis	clustered	H2AC14:HGNC:4727	1	E	1:E	7	sus_scrofa	Sus scrofa	94.05	0.0	1	present_gold	94.05	5
7	human,bos_taurus,canis_lupus_familiaris,felis_catus,macaca_mulatta,pan_troglodytes,sus_scrofa	Homo sapiens,Bos taurus,Canis lupus familiaris,Felis catus,Macaca mulatta,Pan troglodytes,Sus scrofa	H2AJ	adult mammalian kidney	H2AJ:adult mammalian kidney	variant	H2AJ:HGNC:14456	2	A	2:A	1	human	Homo sapiens	93.00166666666668	4.784713980875752	12	present_gold	93.00166666666668	6
7	human,bos_taurus,canis_lupus_familiaris,felis_catus,macaca_mulatta,pan_troglodytes,sus_scrofa	Homo sapiens,Bos taurus,Canis lupus familiaris,Felis catus,Macaca mulatta,Pan troglodytes,Sus scrofa	H2AJ	adult mammalian kidney	H2AJ:adult mammalian kidney	variant	H2AJ:HGNC:14456	2	A	2:A	2	bos_taurus	Bos taurus	93.89	1.0078359654890932	4	present_gold	93.89	6
7	human,bos_taurus,canis_lupus_familiaris,felis_catus,macaca_mulatta,pan_troglodytes,sus_scrofa	Homo sapiens,Bos taurus,Canis lupus familiaris,Felis catus,Macaca mulatta,Pan troglodytes,Sus scrofa	H2AJ	adult mammalian kidney	H2AJ:adult mammalian kidney	variant	H2AJ:HGNC:14456	2	A	2:A	3	canis_lupus_familiaris	Canis lupus familiaris	87.70666666666666	6.562387776818234	3	present_gold	87.70666666666666	6
7	human,bos_taurus,canis_lupus_familiaris,felis_catus,macaca_mulatta,pan_troglodytes,sus_scrofa	Homo sapiens,Bos taurus,Canis lupus familiaris,Felis catus,Macaca mulatta,Pan troglodytes,Sus scrofa	H2AJ	adult mammalian kidney	H2AJ:adult mammalian kidney	variant	H2AJ:HGNC:14456	2	A	2:A	4	felis_catus	Felis catus	93.47	1.4000714267493568	2	present_gold	93.47	6
7	human,bos_taurus,canis_lupus_familiaris,felis_catus,macaca_mulatta,pan_troglodytes,sus_scrofa	Homo sapiens,Bos taurus,Canis lupus familiaris,Felis catus,Macaca mulatta,Pan troglodytes,Sus scrofa	H2AJ	adult mammalian kidney	H2AJ:adult mammalian kidney	variant	H2AJ:HGNC:14456	2	A	2:A	5	macaca_mulatta	Macaca mulatta	95.74666666666668	1.8510627578051804	3	present_gold	95.74666666666668	6
7	human,bos_taurus,canis_lupus_familiaris,felis_catus,macaca_mulatta,pan_troglodytes,sus_scrofa	Homo sapiens,Bos taurus,Canis lupus familiaris,Felis catus,Macaca mulatta,Pan troglodytes,Sus scrofa	H2AJ	adult mammalian kidney	H2AJ:adult mammalian kidney	variant	H2AJ:HGNC:14456	2	A	2:A	6	pan_troglodytes	Pan troglodytes	95.24	3.0177972098867083	3	present_gold	95.24	6
7	human,bos_taurus,canis_lupus_familiaris,felis_catus,macaca_mulatta,pan_troglodytes,sus_scrofa	Homo sapiens,Bos taurus,Canis lupus familiaris,Felis catus,Macaca mulatta,Pan troglodytes,Sus scrofa	H2AJ	adult mammalian kidney	H2AJ:adult mammalian kidney	variant	H2AJ:HGNC:14456	2	A	2:A	7	sus_scrofa	Sus scrofa	97.28	1.114659888336645	4	present_gold	97.28	6
7	human,bos_taurus,canis_lupus_familiaris,felis_catus,macaca_mulatta,pan_troglodytes,sus_scrofa	Homo sapiens,Bos taurus,Canis lupus familiaris,Felis catus,Macaca mulatta,Pan troglodytes,Sus scrofa	H2AJ	liver	H2AJ:liver	variant	H2AJ:HGNC:14456	2	B	2:B	1	human	Homo sapiens	93.1590476190476	3.027084248516887	21	present_gold	93.1590476190476	7
7	human,bos_taurus,canis_lupus_familiaris,felis_catus,macaca_mulatta,pan_troglodytes,sus_scrofa	Homo sapiens,Bos taurus,Canis lupus familiaris,Felis catus,Macaca mulatta,Pan troglodytes,Sus scrofa	H2AJ	liver	H2AJ:liver	variant	H2AJ:HGNC:14456	2	B	2:B	2	bos_taurus	Bos taurus	94.906875	1.2721043916807018	16	present_gold	94.906875	7
7	human,bos_taurus,canis_lupus_familiaris,felis_catus,macaca_mulatta,pan_troglodytes,sus_scrofa	Homo sapiens,Bos taurus,Canis lupus familiaris,Felis catus,Macaca mulatta,Pan troglodytes,Sus scrofa	H2AJ	liver	H2AJ:liver	variant	H2AJ:HGNC:14456	2	B	2:B	3	canis_lupus_familiaris	Canis lupus familiaris	92.74714285714286	3.311342699901428	7	present_gold	92.74714285714286	7
7	human,bos_taurus,canis_lupus_familiaris,felis_catus,macaca_mulatta,pan_troglodytes,sus_scrofa	Homo sapiens,Bos taurus,Canis lupus familiaris,Felis catus,Macaca mulatta,Pan troglodytes,Sus scrofa	H2AJ	liver	H2AJ:liver	variant	H2AJ:HGNC:14456	2	B	2:B	4	felis_catus	Felis catus	78.885	11.25006888867797	2	present_gold	78.885	7
7	human,bos_taurus,canis_lupus_familiaris,felis_catus,macaca_mulatta,pan_troglodytes,sus_scrofa	Homo sapiens,Bos taurus,Canis lupus familiaris,Felis catus,Macaca mulatta,Pan troglodytes,Sus scrofa	H2AJ	liver	H2AJ:liver	variant	H2AJ:HGNC:14456	2	B	2:B	5	macaca_mulatta	Macaca mulatta	96.14142857142858	0.4460354459542652	7	present_gold	96.14142857142858	7
7	human,bos_taurus,canis_lupus_familiaris,felis_catus,macaca_mulatta,pan_troglodytes,sus_scrofa	Homo sapiens,Bos taurus,Canis lupus familiaris,Felis catus,Macaca mulatta,Pan troglodytes,Sus scrofa	H2AJ	liver	H2AJ:liver	variant	H2AJ:HGNC:14456	2	B	2:B	6	pan_troglodytes	Pan troglodytes	96.81666666666666	1.4744580925433834	6	present_gold	96.81666666666666	7
7	human,bos_taurus,canis_lupus_familiaris,felis_catus,macaca_mulatta,pan_troglodytes,sus_scrofa	Homo sapiens,Bos taurus,Canis lupus familiaris,Felis catus,Macaca mulatta,Pan troglodytes,Sus scrofa	H2AJ	liver	H2AJ:liver	variant	H2AJ:HGNC:14456	2	B	2:B	7	sus_scrofa	Sus scrofa	97.355	1.5365903813313395	6	present_gold	97.355	7
7	human,bos_taurus,canis_lupus_familiaris,felis_catus,macaca_mulatta,pan_troglodytes,sus_scrofa	Homo sapiens,Bos taurus,Canis lupus familiaris,Felis catus,Macaca mulatta,Pan troglodytes,Sus scrofa	H2AJ	prefrontal cortex	H2AJ:prefrontal cortex	variant	H2AJ:HGNC:14456	2	C	2:C	1	human	Homo sapiens	84.36625	3.5915414020803302	8	present_gold	84.36625	8
7	human,bos_taurus,canis_lupus_familiaris,felis_catus,macaca_mulatta,pan_troglodytes,sus_scrofa	Homo sapiens,Bos taurus,Canis lupus familiaris,Felis catus,Macaca mulatta,Pan troglodytes,Sus scrofa	H2AJ	prefrontal cortex	H2AJ:prefrontal cortex	variant	H2AJ:HGNC:14456	2	C	2:C	2	bos_taurus	Bos taurus	79.97	0.0	1	present_gold	79.97	8
7	human,bos_taurus,canis_lupus_familiaris,felis_catus,macaca_mulatta,pan_troglodytes,sus_scrofa	Homo sapiens,Bos taurus,Canis lupus familiaris,Felis catus,Macaca mulatta,Pan troglodytes,Sus scrofa	H2AJ	prefrontal cortex	H2AJ:prefrontal cortex	variant	H2AJ:HGNC:14456	2	C	2:C	3	canis_lupus_familiaris	Canis lupus familiaris	79.72	0.0	1	present_gold	79.72	8
7	human,bos_taurus,canis_lupus_familiaris,felis_catus,macaca_mulatta,pan_troglodytes,sus_scrofa	Homo sapiens,Bos taurus,Canis lupus familiaris,Felis catus,Macaca mulatta,Pan troglodytes,Sus scrofa	H2AJ	prefrontal cortex	H2AJ:prefrontal cortex	variant	H2AJ:HGNC:14456	2	C	2:C	4	felis_catus	Felis catus	65.65	0.0	1	present_gold	65.65	8
7	human,bos_taurus,canis_lupus_familiaris,felis_catus,macaca_mulatta,pan_troglodytes,sus_scrofa	Homo sapiens,Bos taurus,Canis lupus familiaris,Felis catus,Macaca mulatta,Pan troglodytes,Sus scrofa	H2AJ	prefrontal cortex	H2AJ:prefrontal cortex	variant	H2AJ:HGNC:14456	2	C	2:C	5	macaca_mulatta	Macaca mulatta	76.245	4.070622393033609	4	present_gold	76.245	8
7	human,bos_taurus,canis_lupus_familiaris,felis_catus,macaca_mulatta,pan_troglodytes,sus_scrofa	Homo sapiens,Bos taurus,Canis lupus familiaris,Felis catus,Macaca mulatta,Pan troglodytes,Sus scrofa	H2AJ	prefrontal cortex	H2AJ:prefrontal cortex	variant	H2AJ:HGNC:14456	2	C	2:C	6	pan_troglodytes	Pan troglodytes	74.81272727272727	6.0247042930074	11	present_gold	74.81272727272727	8
7	human,bos_taurus,canis_lupus_familiaris,felis_catus,macaca_mulatta,pan_troglodytes,sus_scrofa	Homo sapiens,Bos taurus,Canis lupus familiaris,Felis catus,Macaca mulatta,Pan troglodytes,Sus scrofa	H2AJ	prefrontal cortex	H2AJ:prefrontal cortex	variant	H2AJ:HGNC:14456	2	C	2:C	7	sus_scrofa	Sus scrofa	84.5	0.0	1	present_gold	84.5	8
7	human,bos_taurus,canis_lupus_familiaris,felis_catus,macaca_mulatta,pan_troglodytes,sus_scrofa	Homo sapiens,Bos taurus,Canis lupus familiaris,Felis catus,Macaca mulatta,Pan troglodytes,Sus scrofa	H2AJ	spleen	H2AJ:spleen	variant	H2AJ:HGNC:14456	2	D	2:D	1	human	Homo sapiens	95.63666666666668	0.6135490398023803	12	present_gold	95.63666666666668	9
7	human,bos_taurus,canis_lupus_familiaris,felis_catus,macaca_mulatta,pan_troglodytes,sus_scrofa	Homo sapiens,Bos taurus,Canis lupus familiaris,Felis catus,Macaca mulatta,Pan troglodytes,Sus scrofa	H2AJ	spleen	H2AJ:spleen	variant	H2AJ:HGNC:14456	2	D	2:D	2	bos_taurus	Bos taurus	95.172	1.251207416857817	5	present_gold	95.172	9
7	human,bos_taurus,canis_lupus_familiaris,felis_catus,macaca_mulatta,pan_troglodytes,sus_scrofa	Homo sapiens,Bos taurus,Canis lupus familiaris,Felis catus,Macaca mulatta,Pan troglodytes,Sus scrofa	H2AJ	spleen	H2AJ:spleen	variant	H2AJ:HGNC:14456	2	D	2:D	3	canis_lupus_familiaris	Canis lupus familiaris	90.49333333333334	7.610534365820404	3	present_gold	90.49333333333334	9
7	human,bos_taurus,canis_lupus_familiaris,felis_catus,macaca_mulatta,pan_troglodytes,sus_scrofa	Homo sapiens,Bos taurus,Canis lupus familiaris,Felis catus,Macaca mulatta,Pan troglodytes,Sus scrofa	H2AJ	spleen	H2AJ:spleen	variant	H2AJ:HGNC:14456	2	D	2:D	4	felis_catus	Felis catus	93.0	0.0	1	present_gold	93.0	9
7	human,bos_taurus,canis_lupus_familiaris,felis_catus,macaca_mulatta,pan_troglodytes,sus_scrofa	Homo sapiens,Bos taurus,Canis lupus familiaris,Felis catus,Macaca mulatta,Pan troglodytes,Sus scrofa	H2AJ	spleen	H2AJ:spleen	variant	H2AJ:HGNC:14456	2	D	2:D	5	macaca_mulatta	Macaca mulatta	90.095	5.975052301026318	2	present_gold	90.095	9
7	human,bos_taurus,canis_lupus_familiaris,felis_catus,macaca_mulatta,pan_troglodytes,sus_scrofa	Homo sapiens,Bos taurus,Canis lupus familiaris,Felis catus,Macaca mulatta,Pan troglodytes,Sus scrofa	H2AJ	spleen	H2AJ:spleen	variant	H2AJ:HGNC:14456	2	D	2:D	6	pan_troglodytes	Pan troglodytes	91.67	0.0	1	present_gold	91.67	9
7	human,bos_taurus,canis_lupus_familiaris,felis_catus,macaca_mulatta,pan_troglodytes,sus_scrofa	Homo sapiens,Bos taurus,Canis lupus familiaris,Felis catus,Macaca mulatta,Pan troglodytes,Sus scrofa	H2AJ	spleen	H2AJ:spleen	variant	H2AJ:HGNC:14456	2	D	2:D	7	sus_scrofa	Sus scrofa	85.76428571428572	6.336683825532239	7	present_gold	85.76428571428572	9
7	human,bos_taurus,canis_lupus_familiaris,felis_catus,macaca_mulatta,pan_troglodytes,sus_scrofa	Homo sapiens,Bos taurus,Canis lupus familiaris,Felis catus,Macaca mulatta,Pan troglodytes,Sus scrofa	H2AJ	testis	H2AJ:testis	variant	H2AJ:HGNC:14456	2	E	2:E	1	human	Homo sapiens	91.1946153846154	12.702982993103507	13	present_gold	91.1946153846154	10
7	human,bos_taurus,canis_lupus_familiaris,felis_catus,macaca_mulatta,pan_troglodytes,sus_scrofa	Homo sapiens,Bos taurus,Canis lupus familiaris,Felis catus,Macaca mulatta,Pan troglodytes,Sus scrofa	H2AJ	testis	H2AJ:testis	variant	H2AJ:HGNC:14456	2	E	2:E	2	bos_taurus	Bos taurus	77.035	4.003761980937428	6	present_gold	77.035	10
7	human,bos_taurus,canis_lupus_familiaris,felis_catus,macaca_mulatta,pan_troglodytes,sus_scrofa	Homo sapiens,Bos taurus,Canis lupus familiaris,Felis catus,Macaca mulatta,Pan troglodytes,Sus scrofa	H2AJ	testis	H2AJ:testis	variant	H2AJ:HGNC:14456	2	E	2:E	3	canis_lupus_familiaris	Canis lupus familiaris	61.29777777777778	12.560789961003428	9	present_gold	61.29777777777778	10
7	human,bos_taurus,canis_lupus_familiaris,felis_catus,macaca_mulatta,pan_troglodytes,sus_scrofa	Homo sapiens,Bos taurus,Canis lupus familiaris,Felis catus,Macaca mulatta,Pan troglodytes,Sus scrofa	H2AJ	testis	H2AJ:testis	variant	H2AJ:HGNC:14456	2	E	2:E	4	felis_catus	Felis catus	57.99	6.664690540452721	3	present_gold	57.99	10
7	human,bos_taurus,canis_lupus_familiaris,felis_catus,macaca_mulatta,pan_troglodytes,sus_scrofa	Homo sapiens,Bos taurus,Canis lupus familiaris,Felis catus,Macaca mulatta,Pan troglodytes,Sus scrofa	H2AJ	testis	H2AJ:testis	variant	H2AJ:HGNC:14456	2	E	2:E	5	macaca_mulatta	Macaca mulatta	99.53333333333336	0.0723417813806984	3	present_gold	99.53333333333336	10
7	human,bos_taurus,canis_lupus_familiaris,felis_catus,macaca_mulatta,pan_troglodytes,sus_scrofa	Homo sapiens,Bos taurus,Canis lupus familiaris,Felis catus,Macaca mulatta,Pan troglodytes,Sus scrofa	H2AJ	testis	H2AJ:testis	variant	H2AJ:HGNC:14456	2	E	2:E	6	pan_troglodytes	Pan troglodytes	99.815	0.1202081528017142	2	present_gold	99.815	10
7	human,bos_taurus,canis_lupus_familiaris,felis_catus,macaca_mulatta,pan_troglodytes,sus_scrofa	Homo sapiens,Bos taurus,Canis lupus familiaris,Felis catus,Macaca mulatta,Pan troglodytes,Sus scrofa	H2AJ	testis	H2AJ:testis	variant	H2AJ:HGNC:14456	2	E	2:E	7	sus_scrofa	Sus scrofa	72.0	15.396454137235622	3	present_gold	72.0	10
7	human,bos_taurus,canis_lupus_familiaris,felis_catus,macaca_mulatta,pan_troglodytes,sus_scrofa	Homo sapiens,Bos taurus,Canis lupus familiaris,Felis catus,Macaca mulatta,Pan troglodytes,Sus scrofa	H2AZ1	adult mammalian kidney	H2AZ1:adult mammalian kidney	variant	H2AZ1:HGNC:4741	3	A	3:A	1	human	Homo sapiens	96.835	1.9303277920123785	14	present_gold	96.835	11
7	human,bos_taurus,canis_lupus_familiaris,felis_catus,macaca_mulatta,pan_troglodytes,sus_scrofa	Homo sapiens,Bos taurus,Canis lupus familiaris,Felis catus,Macaca mulatta,Pan troglodytes,Sus scrofa	H2AZ1	adult mammalian kidney	H2AZ1:adult mammalian kidney	variant	H2AZ1:HGNC:4741	3	A	3:A	2	bos_taurus	Bos taurus	93.4825	1.6848813014571689	4	present_gold	93.4825	11
7	human,bos_taurus,canis_lupus_familiaris,felis_catus,macaca_mulatta,pan_troglodytes,sus_scrofa	Homo sapiens,Bos taurus,Canis lupus familiaris,Felis catus,Macaca mulatta,Pan troglodytes,Sus scrofa	H2AZ1	adult mammalian kidney	H2AZ1:adult mammalian kidney	variant	H2AZ1:HGNC:4741	3	A	3:A	3	canis_lupus_familiaris	Canis lupus familiaris	98.77333333333333	1.0781620162727563	3	present_gold	98.77333333333333	11
7	human,bos_taurus,canis_lupus_familiaris,felis_catus,macaca_mulatta,pan_troglodytes,sus_scrofa	Homo sapiens,Bos taurus,Canis lupus familiaris,Felis catus,Macaca mulatta,Pan troglodytes,Sus scrofa	H2AZ1	adult mammalian kidney	H2AZ1:adult mammalian kidney	variant	H2AZ1:HGNC:4741	3	A	3:A	4	felis_catus	Felis catus	91.24	0.8626702730475871	2	present_gold	91.24	11
7	human,bos_taurus,canis_lupus_familiaris,felis_catus,macaca_mulatta,pan_troglodytes,sus_scrofa	Homo sapiens,Bos taurus,Canis lupus familiaris,Felis catus,Macaca mulatta,Pan troglodytes,Sus scrofa	H2AZ1	adult mammalian kidney	H2AZ1:adult mammalian kidney	variant	H2AZ1:HGNC:4741	3	A	3:A	5	macaca_mulatta	Macaca mulatta	94.13	2.8936309370754225	3	present_gold	94.13	11
7	human,bos_taurus,canis_lupus_familiaris,felis_catus,macaca_mulatta,pan_troglodytes,sus_scrofa	Homo sapiens,Bos taurus,Canis lupus familiaris,Felis catus,Macaca mulatta,Pan troglodytes,Sus scrofa	H2AZ1	adult mammalian kidney	H2AZ1:adult mammalian kidney	variant	H2AZ1:HGNC:4741	3	A	3:A	6	pan_troglodytes	Pan troglodytes	95.62666666666668	0.7397522107660998	3	present_gold	95.62666666666668	11
7	human,bos_taurus,canis_lupus_familiaris,felis_catus,macaca_mulatta,pan_troglodytes,sus_scrofa	Homo sapiens,Bos taurus,Canis lupus familiaris,Felis catus,Macaca mulatta,Pan troglodytes,Sus scrofa	H2AZ1	adult mammalian kidney	H2AZ1:adult mammalian kidney	variant	H2AZ1:HGNC:4741	3	A	3:A	7	sus_scrofa	Sus scrofa	90.585	6.007448154860208	4	present_gold	90.585	11
7	human,bos_taurus,canis_lupus_familiaris,felis_catus,macaca_mulatta,pan_troglodytes,sus_scrofa	Homo sapiens,Bos taurus,Canis lupus familiaris,Felis catus,Macaca mulatta,Pan troglodytes,Sus scrofa	H2AZ1	liver	H2AZ1:liver	variant	H2AZ1:HGNC:4741	3	B	3:B	1	human	Homo sapiens	95.57260869565218	2.0483257406772366	23	present_gold	95.57260869565218	12
7	human,bos_taurus,canis_lupus_familiaris,felis_catus,macaca_mulatta,pan_troglodytes,sus_scrofa	Homo sapiens,Bos taurus,Canis lupus familiaris,Felis catus,Macaca mulatta,Pan troglodytes,Sus scrofa	H2AZ1	liver	H2AZ1:liver	variant	H2AZ1:HGNC:4741	3	B	3:B	2	bos_taurus	Bos taurus	90.1375	1.532351134694655	16	present_gold	90.1375	12
7	human,bos_taurus,canis_lupus_familiaris,felis_catus,macaca_mulatta,pan_troglodytes,sus_scrofa	Homo sapiens,Bos taurus,Canis lupus familiaris,Felis catus,Macaca mulatta,Pan troglodytes,Sus scrofa	H2AZ1	liver	H2AZ1:liver	variant	H2AZ1:HGNC:4741	3	B	3:B	3	canis_lupus_familiaris	Canis lupus familiaris	92.92142857142858	4.820506296270231	7	present_gold	92.92142857142858	12
7	human,bos_taurus,canis_lupus_familiaris,felis_catus,macaca_mulatta,pan_troglodytes,sus_scrofa	Homo sapiens,Bos taurus,Canis lupus familiaris,Felis catus,Macaca mulatta,Pan troglodytes,Sus scrofa	H2AZ1	liver	H2AZ1:liver	variant	H2AZ1:HGNC:4741	3	B	3:B	4	felis_catus	Felis catus	84.645	1.788980156401966	2	present_gold	84.645	12
7	human,bos_taurus,canis_lupus_familiaris,felis_catus,macaca_mulatta,pan_troglodytes,sus_scrofa	Homo sapiens,Bos taurus,Canis lupus familiaris,Felis catus,Macaca mulatta,Pan troglodytes,Sus scrofa	H2AZ1	liver	H2AZ1:liver	variant	H2AZ1:HGNC:4741	3	B	3:B	5	macaca_mulatta	Macaca mulatta	92.65142857142855	0.9144657560825424	7	present_gold	92.65142857142855	12
7	human,bos_taurus,canis_lupus_familiaris,felis_catus,macaca_mulatta,pan_troglodytes,sus_scrofa	Homo sapiens,Bos taurus,Canis lupus familiaris,Felis catus,Macaca mulatta,Pan troglodytes,Sus scrofa	H2AZ1	liver	H2AZ1:liver	variant	H2AZ1:HGNC:4741	3	B	3:B	6	pan_troglodytes	Pan troglodytes	93.58666666666666	2.196257422677647	6	present_gold	93.58666666666666	12
7	human,bos_taurus,canis_lupus_familiaris,felis_catus,macaca_mulatta,pan_troglodytes,sus_scrofa	Homo sapiens,Bos taurus,Canis lupus familiaris,Felis catus,Macaca mulatta,Pan troglodytes,Sus scrofa	H2AZ1	liver	H2AZ1:liver	variant	H2AZ1:HGNC:4741	3	B	3:B	7	sus_scrofa	Sus scrofa	91.65500000000002	3.6671992037520926	6	present_gold	91.65500000000002	12
7	human,bos_taurus,canis_lupus_familiaris,felis_catus,macaca_mulatta,pan_troglodytes,sus_scrofa	Homo sapiens,Bos taurus,Canis lupus familiaris,Felis catus,Macaca mulatta,Pan troglodytes,Sus scrofa	H2AZ1	prefrontal cortex	H2AZ1:prefrontal cortex	variant	H2AZ1:HGNC:4741	3	C	3:C	1	human	Homo sapiens	97.592	1.2618663426316856	10	present_gold	97.592	13
7	human,bos_taurus,canis_lupus_familiaris,felis_catus,macaca_mulatta,pan_troglodytes,sus_scrofa	Homo sapiens,Bos taurus,Canis lupus familiaris,Felis catus,Macaca mulatta,Pan troglodytes,Sus scrofa	H2AZ1	prefrontal cortex	H2AZ1:prefrontal cortex	variant	H2AZ1:HGNC:4741	3	C	3:C	2	bos_taurus	Bos taurus	95.38	0.0	1	present_gold	95.38	13
7	human,bos_taurus,canis_lupus_familiaris,felis_catus,macaca_mulatta,pan_troglodytes,sus_scrofa	Homo sapiens,Bos taurus,Canis lupus familiaris,Felis catus,Macaca mulatta,Pan troglodytes,Sus scrofa	H2AZ1	prefrontal cortex	H2AZ1:prefrontal cortex	variant	H2AZ1:HGNC:4741	3	C	3:C	3	canis_lupus_familiaris	Canis lupus familiaris	96.36	0.0	1	present_gold	96.36	13
7	human,bos_taurus,canis_lupus_familiaris,felis_catus,macaca_mulatta,pan_troglodytes,sus_scrofa	Homo sapiens,Bos taurus,Canis lupus familiaris,Felis catus,Macaca mulatta,Pan troglodytes,Sus scrofa	H2AZ1	prefrontal cortex	H2AZ1:prefrontal cortex	variant	H2AZ1:HGNC:4741	3	C	3:C	4	felis_catus	Felis catus	95.38	0.0	1	present_gold	95.38	13
7	human,bos_taurus,canis_lupus_familiaris,felis_catus,macaca_mulatta,pan_troglodytes,sus_scrofa	Homo sapiens,Bos taurus,Canis lupus familiaris,Felis catus,Macaca mulatta,Pan troglodytes,Sus scrofa	H2AZ1	prefrontal cortex	H2AZ1:prefrontal cortex	variant	H2AZ1:HGNC:4741	3	C	3:C	5	macaca_mulatta	Macaca mulatta	98.3275	0.2649999999999934	4	present_gold	98.3275	13
7	human,bos_taurus,canis_lupus_familiaris,felis_catus,macaca_mulatta,pan_troglodytes,sus_scrofa	Homo sapiens,Bos taurus,Canis lupus familiaris,Felis catus,Macaca mulatta,Pan troglodytes,Sus scrofa	H2AZ1	prefrontal cortex	H2AZ1:prefrontal cortex	variant	H2AZ1:HGNC:4741	3	C	3:C	6	pan_troglodytes	Pan troglodytes	97.49	0.3794996706190925	11	present_gold	97.49	13
7	human,bos_taurus,canis_lupus_familiaris,felis_catus,macaca_mulatta,pan_troglodytes,sus_scrofa	Homo sapiens,Bos taurus,Canis lupus familiaris,Felis catus,Macaca mulatta,Pan troglodytes,Sus scrofa	H2AZ1	prefrontal cortex	H2AZ1:prefrontal cortex	variant	H2AZ1:HGNC:4741	3	C	3:C	7	sus_scrofa	Sus scrofa	96.26	0.0	1	present_gold	96.26	13
7	human,bos_taurus,canis_lupus_familiaris,felis_catus,macaca_mulatta,pan_troglodytes,sus_scrofa	Homo sapiens,Bos taurus,Canis lupus familiaris,Felis catus,Macaca mulatta,Pan troglodytes,Sus scrofa	H2AZ1	spleen	H2AZ1:spleen	variant	H2AZ1:HGNC:4741	3	D	3:D	1	human	Homo sapiens	98.73666666666666	0.1130835036063127	12	present_gold	98.73666666666666	14
7	human,bos_taurus,canis_lupus_familiaris,felis_catus,macaca_mulatta,pan_troglodytes,sus_scrofa	Homo sapiens,Bos taurus,Canis lupus familiaris,Felis catus,Macaca mulatta,Pan troglodytes,Sus scrofa	H2AZ1	spleen	H2AZ1:spleen	variant	H2AZ1:HGNC:4741	3	D	3:D	2	bos_taurus	Bos taurus	96.928	0.1279453008124949	5	present_gold	96.928	14
7	human,bos_taurus,canis_lupus_familiaris,felis_catus,macaca_mulatta,pan_troglodytes,sus_scrofa	Homo sapiens,Bos taurus,Canis lupus familiaris,Felis catus,Macaca mulatta,Pan troglodytes,Sus scrofa	H2AZ1	spleen	H2AZ1:spleen	variant	H2AZ1:HGNC:4741	3	D	3:D	3	canis_lupus_familiaris	Canis lupus familiaris	97.70333333333332	0.7635661944673396	3	present_gold	97.70333333333332	14
7	human,bos_taurus,canis_lupus_familiaris,felis_catus,macaca_mulatta,pan_troglodytes,sus_scrofa	Homo sapiens,Bos taurus,Canis lupus familiaris,Felis catus,Macaca mulatta,Pan troglodytes,Sus scrofa	H2AZ1	spleen	H2AZ1:spleen	variant	H2AZ1:HGNC:4741	3	D	3:D	4	felis_catus	Felis catus	96.59	0.0	1	present_gold	96.59	14
7	human,bos_taurus,canis_lupus_familiaris,felis_catus,macaca_mulatta,pan_troglodytes,sus_scrofa	Homo sapiens,Bos taurus,Canis lupus familiaris,Felis catus,Macaca mulatta,Pan troglodytes,Sus scrofa	H2AZ1	spleen	H2AZ1:spleen	variant	H2AZ1:HGNC:4741	3	D	3:D	5	macaca_mulatta	Macaca mulatta	97.915	0.8131727983645236	2	present_gold	97.915	14
7	human,bos_taurus,canis_lupus_familiaris,felis_catus,macaca_mulatta,pan_troglodytes,sus_scrofa	Homo sapiens,Bos taurus,Canis lupus familiaris,Felis catus,Macaca mulatta,Pan troglodytes,Sus scrofa	H2AZ1	spleen	H2AZ1:spleen	variant	H2AZ1:HGNC:4741	3	D	3:D	6	pan_troglodytes	Pan troglodytes	96.86	0.0	1	present_gold	96.86	14
7	human,bos_taurus,canis_lupus_familiaris,felis_catus,macaca_mulatta,pan_troglodytes,sus_scrofa	Homo sapiens,Bos taurus,Canis lupus familiaris,Felis catus,Macaca mulatta,Pan troglodytes,Sus scrofa	H2AZ1	spleen	H2AZ1:spleen	variant	H2AZ1:HGNC:4741	3	D	3:D	7	sus_scrofa	Sus scrofa	96.28142857142858	3.89037885289436	7	present_gold	96.28142857142858	14
7	human,bos_taurus,canis_lupus_familiaris,felis_catus,macaca_mulatta,pan_troglodytes,sus_scrofa	Homo sapiens,Bos taurus,Canis lupus familiaris,Felis catus,Macaca mulatta,Pan troglodytes,Sus scrofa	H2AZ1	testis	H2AZ1:testis	variant	H2AZ1:HGNC:4741	3	E	3:E	1	human	Homo sapiens	98.53307692307692	0.6403434575208379	13	present_gold	98.53307692307692	15
7	human,bos_taurus,canis_lupus_familiaris,felis_catus,macaca_mulatta,pan_troglodytes,sus_scrofa	Homo sapiens,Bos taurus,Canis lupus familiaris,Felis catus,Macaca mulatta,Pan troglodytes,Sus scrofa	H2AZ1	testis	H2AZ1:testis	variant	H2AZ1:HGNC:4741	3	E	3:E	2	bos_taurus	Bos taurus	91.76333333333334	6.577743280690321	6	present_gold	91.76333333333334	15
7	human,bos_taurus,canis_lupus_familiaris,felis_catus,macaca_mulatta,pan_troglodytes,sus_scrofa	Homo sapiens,Bos taurus,Canis lupus familiaris,Felis catus,Macaca mulatta,Pan troglodytes,Sus scrofa	H2AZ1	testis	H2AZ1:testis	variant	H2AZ1:HGNC:4741	3	E	3:E	3	canis_lupus_familiaris	Canis lupus familiaris	99.209	0.4203028009000711	10	present_gold	99.209	15
7	human,bos_taurus,canis_lupus_familiaris,felis_catus,macaca_mulatta,pan_troglodytes,sus_scrofa	Homo sapiens,Bos taurus,Canis lupus familiaris,Felis catus,Macaca mulatta,Pan troglodytes,Sus scrofa	H2AZ1	testis	H2AZ1:testis	variant	H2AZ1:HGNC:4741	3	E	3:E	4	felis_catus	Felis catus	98.51333333333334	0.2571640202931481	3	present_gold	98.51333333333334	15
7	human,bos_taurus,canis_lupus_familiaris,felis_catus,macaca_mulatta,pan_troglodytes,sus_scrofa	Homo sapiens,Bos taurus,Canis lupus familiaris,Felis catus,Macaca mulatta,Pan troglodytes,Sus scrofa	H2AZ1	testis	H2AZ1:testis	variant	H2AZ1:HGNC:4741	3	E	3:E	5	macaca_mulatta	Macaca mulatta	98.63666666666666	0.3074627348693348	3	present_gold	98.63666666666666	15
7	human,bos_taurus,canis_lupus_familiaris,felis_catus,macaca_mulatta,pan_troglodytes,sus_scrofa	Homo sapiens,Bos taurus,Canis lupus familiaris,Felis catus,Macaca mulatta,Pan troglodytes,Sus scrofa	H2AZ1	testis	H2AZ1:testis	variant	H2AZ1:HGNC:4741	3	E	3:E	6	pan_troglodytes	Pan troglodytes	98.64	0.0	2	present_gold	98.64	15
7	human,bos_taurus,canis_lupus_familiaris,felis_catus,macaca_mulatta,pan_troglodytes,sus_scrofa	Homo sapiens,Bos taurus,Canis lupus familiaris,Felis catus,Macaca mulatta,Pan troglodytes,Sus scrofa	H2AZ1	testis	H2AZ1:testis	variant	H2AZ1:HGNC:4741	3	E	3:E	7	sus_scrofa	Sus scrofa	97.92	1.532938354924943	3	present_gold	97.92	15
7	human,bos_taurus,canis_lupus_familiaris,felis_catus,macaca_mulatta,pan_troglodytes,sus_scrofa	Homo sapiens,Bos taurus,Canis lupus familiaris,Felis catus,Macaca mulatta,Pan troglodytes,Sus scrofa	H2AZ2	adult mammalian kidney	H2AZ2:adult mammalian kidney	variant	H2AZ2:HGNC:20664	4	A	4:A	1	human	Homo sapiens	94.76866666666666	2.2456811460053294	15	present_gold	94.76866666666666	16
7	human,bos_taurus,canis_lupus_familiaris,felis_catus,macaca_mulatta,pan_troglodytes,sus_scrofa	Homo sapiens,Bos taurus,Canis lupus familiaris,Felis catus,Macaca mulatta,Pan troglodytes,Sus scrofa	H2AZ2	adult mammalian kidney	H2AZ2:adult mammalian kidney	variant	H2AZ2:HGNC:20664	4	A	4:A	2	bos_taurus	Bos taurus	95.5875	0.933322916608538	4	present_gold	95.5875	16
7	human,bos_taurus,canis_lupus_familiaris,felis_catus,macaca_mulatta,pan_troglodytes,sus_scrofa	Homo sapiens,Bos taurus,Canis lupus familiaris,Felis catus,Macaca mulatta,Pan troglodytes,Sus scrofa	H2AZ2	adult mammalian kidney	H2AZ2:adult mammalian kidney	variant	H2AZ2:HGNC:20664	4	A	4:A	3	canis_lupus_familiaris	Canis lupus familiaris	95.99333333333334	3.459831402443378	3	present_gold	95.99333333333334	16
7	human,bos_taurus,canis_lupus_familiaris,felis_catus,macaca_mulatta,pan_troglodytes,sus_scrofa	Homo sapiens,Bos taurus,Canis lupus familiaris,Felis catus,Macaca mulatta,Pan troglodytes,Sus scrofa	H2AZ2	adult mammalian kidney	H2AZ2:adult mammalian kidney	variant	H2AZ2:HGNC:20664	4	A	4:A	4	felis_catus	Felis catus	96.545	0.3323401871576765	2	present_gold	96.545	16
7	human,bos_taurus,canis_lupus_familiaris,felis_catus,macaca_mulatta,pan_troglodytes,sus_scrofa	Homo sapiens,Bos taurus,Canis lupus familiaris,Felis catus,Macaca mulatta,Pan troglodytes,Sus scrofa	H2AZ2	adult mammalian kidney	H2AZ2:adult mammalian kidney	variant	H2AZ2:HGNC:20664	4	A	4:A	5	macaca_mulatta	Macaca mulatta	96.34333333333336	0.8279090127141587	3	present_gold	96.34333333333336	16
7	human,bos_taurus,canis_lupus_familiaris,felis_catus,macaca_mulatta,pan_troglodytes,sus_scrofa	Homo sapiens,Bos taurus,Canis lupus familiaris,Felis catus,Macaca mulatta,Pan troglodytes,Sus scrofa	H2AZ2	adult mammalian kidney	H2AZ2:adult mammalian kidney	variant	H2AZ2:HGNC:20664	4	A	4:A	6	pan_troglodytes	Pan troglodytes	89.14999999999999	3.681018880690508	3	present_gold	89.14999999999999	16
7	human,bos_taurus,canis_lupus_familiaris,felis_catus,macaca_mulatta,pan_troglodytes,sus_scrofa	Homo sapiens,Bos taurus,Canis lupus familiaris,Felis catus,Macaca mulatta,Pan troglodytes,Sus scrofa	H2AZ2	adult mammalian kidney	H2AZ2:adult mammalian kidney	variant	H2AZ2:HGNC:20664	4	A	4:A	7	sus_scrofa	Sus scrofa	94.1825	3.6778922858978103	4	present_gold	94.1825	16
7	human,bos_taurus,canis_lupus_familiaris,felis_catus,macaca_mulatta,pan_troglodytes,sus_scrofa	Homo sapiens,Bos taurus,Canis lupus familiaris,Felis catus,Macaca mulatta,Pan troglodytes,Sus scrofa	H2AZ2	liver	H2AZ2:liver	variant	H2AZ2:HGNC:20664	4	B	4:B	1	human	Homo sapiens	94.34	2.1571256127288696	23	present_gold	94.34	17
7	human,bos_taurus,canis_lupus_familiaris,felis_catus,macaca_mulatta,pan_troglodytes,sus_scrofa	Homo sapiens,Bos taurus,Canis lupus familiaris,Felis catus,Macaca mulatta,Pan troglodytes,Sus scrofa	H2AZ2	liver	H2AZ2:liver	variant	H2AZ2:HGNC:20664	4	B	4:B	2	bos_taurus	Bos taurus	92.40375	1.3787089371340606	16	present_gold	92.40375	17
7	human,bos_taurus,canis_lupus_familiaris,felis_catus,macaca_mulatta,pan_troglodytes,sus_scrofa	Homo sapiens,Bos taurus,Canis lupus familiaris,Felis catus,Macaca mulatta,Pan troglodytes,Sus scrofa	H2AZ2	liver	H2AZ2:liver	variant	H2AZ2:HGNC:20664	4	B	4:B	3	canis_lupus_familiaris	Canis lupus familiaris	91.80571428571427	4.447766694806347	7	present_gold	91.80571428571427	17
7	human,bos_taurus,canis_lupus_familiaris,felis_catus,macaca_mulatta,pan_troglodytes,sus_scrofa	Homo sapiens,Bos taurus,Canis lupus familiaris,Felis catus,Macaca mulatta,Pan troglodytes,Sus scrofa	H2AZ2	liver	H2AZ2:liver	variant	H2AZ2:HGNC:20664	4	B	4:B	4	felis_catus	Felis catus	91.5	5.359869401394039	2	present_gold	91.5	17
7	human,bos_taurus,canis_lupus_familiaris,felis_catus,macaca_mulatta,pan_troglodytes,sus_scrofa	Homo sapiens,Bos taurus,Canis lupus familiaris,Felis catus,Macaca mulatta,Pan troglodytes,Sus scrofa	H2AZ2	liver	H2AZ2:liver	variant	H2AZ2:HGNC:20664	4	B	4:B	5	macaca_mulatta	Macaca mulatta	92.2957142857143	2.2023612869134896	7	present_gold	92.2957142857143	17
7	human,bos_taurus,canis_lupus_familiaris,felis_catus,macaca_mulatta,pan_troglodytes,sus_scrofa	Homo sapiens,Bos taurus,Canis lupus familiaris,Felis catus,Macaca mulatta,Pan troglodytes,Sus scrofa	H2AZ2	liver	H2AZ2:liver	variant	H2AZ2:HGNC:20664	4	B	4:B	6	pan_troglodytes	Pan troglodytes	86.47333333333334	3.067348474931838	6	present_gold	86.47333333333334	17
7	human,bos_taurus,canis_lupus_familiaris,felis_catus,macaca_mulatta,pan_troglodytes,sus_scrofa	Homo sapiens,Bos taurus,Canis lupus familiaris,Felis catus,Macaca mulatta,Pan troglodytes,Sus scrofa	H2AZ2	liver	H2AZ2:liver	variant	H2AZ2:HGNC:20664	4	B	4:B	7	sus_scrofa	Sus scrofa	89.56833333333333	7.940958170565226	6	present_gold	89.56833333333333	17
7	human,bos_taurus,canis_lupus_familiaris,felis_catus,macaca_mulatta,pan_troglodytes,sus_scrofa	Homo sapiens,Bos taurus,Canis lupus familiaris,Felis catus,Macaca mulatta,Pan troglodytes,Sus scrofa	H2AZ2	prefrontal cortex	H2AZ2:prefrontal cortex	variant	H2AZ2:HGNC:20664	4	C	4:C	1	human	Homo sapiens	96.373	0.9691353534637652	10	present_gold	96.373	18
7	human,bos_taurus,canis_lupus_familiaris,felis_catus,macaca_mulatta,pan_troglodytes,sus_scrofa	Homo sapiens,Bos taurus,Canis lupus familiaris,Felis catus,Macaca mulatta,Pan troglodytes,Sus scrofa	H2AZ2	prefrontal cortex	H2AZ2:prefrontal cortex	variant	H2AZ2:HGNC:20664	4	C	4:C	2	bos_taurus	Bos taurus	91.61	0.0	1	present_gold	91.61	18
7	human,bos_taurus,canis_lupus_familiaris,felis_catus,macaca_mulatta,pan_troglodytes,sus_scrofa	Homo sapiens,Bos taurus,Canis lupus familiaris,Felis catus,Macaca mulatta,Pan troglodytes,Sus scrofa	H2AZ2	prefrontal cortex	H2AZ2:prefrontal cortex	variant	H2AZ2:HGNC:20664	4	C	4:C	3	canis_lupus_familiaris	Canis lupus familiaris	87.75	0.0	1	present_gold	87.75	18
7	human,bos_taurus,canis_lupus_familiaris,felis_catus,macaca_mulatta,pan_troglodytes,sus_scrofa	Homo sapiens,Bos taurus,Canis lupus familiaris,Felis catus,Macaca mulatta,Pan troglodytes,Sus scrofa	H2AZ2	prefrontal cortex	H2AZ2:prefrontal cortex	variant	H2AZ2:HGNC:20664	4	C	4:C	4	felis_catus	Felis catus	94.84	0.0	1	present_gold	94.84	18
7	human,bos_taurus,canis_lupus_familiaris,felis_catus,macaca_mulatta,pan_troglodytes,sus_scrofa	Homo sapiens,Bos taurus,Canis lupus familiaris,Felis catus,Macaca mulatta,Pan troglodytes,Sus scrofa	H2AZ2	prefrontal cortex	H2AZ2:prefrontal cortex	variant	H2AZ2:HGNC:20664	4	C	4:C	5	macaca_mulatta	Macaca mulatta	94.6975	1.3557623931451548	4	present_gold	94.6975	18
7	human,bos_taurus,canis_lupus_familiaris,felis_catus,macaca_mulatta,pan_troglodytes,sus_scrofa	Homo sapiens,Bos taurus,Canis lupus familiaris,Felis catus,Macaca mulatta,Pan troglodytes,Sus scrofa	H2AZ2	prefrontal cortex	H2AZ2:prefrontal cortex	variant	H2AZ2:HGNC:20664	4	C	4:C	6	pan_troglodytes	Pan troglodytes	87.19181818181818	3.0860681074202425	11	present_gold	87.19181818181818	18
7	human,bos_taurus,canis_lupus_familiaris,felis_catus,macaca_mulatta,pan_troglodytes,sus_scrofa	Homo sapiens,Bos taurus,Canis lupus familiaris,Felis catus,Macaca mulatta,Pan troglodytes,Sus scrofa	H2AZ2	prefrontal cortex	H2AZ2:prefrontal cortex	variant	H2AZ2:HGNC:20664	4	C	4:C	7	sus_scrofa	Sus scrofa	83.66	0.0	1	present_gold	83.66	18
7	human,bos_taurus,canis_lupus_familiaris,felis_catus,macaca_mulatta,pan_troglodytes,sus_scrofa	Homo sapiens,Bos taurus,Canis lupus familiaris,Felis catus,Macaca mulatta,Pan troglodytes,Sus scrofa	H2AZ2	spleen	H2AZ2:spleen	variant	H2AZ2:HGNC:20664	4	D	4:D	1	human	Homo sapiens	96.385	0.3858756276314958	12	present_gold	96.385	19
7	human,bos_taurus,canis_lupus_familiaris,felis_catus,macaca_mulatta,pan_troglodytes,sus_scrofa	Homo sapiens,Bos taurus,Canis lupus familiaris,Felis catus,Macaca mulatta,Pan troglodytes,Sus scrofa	H2AZ2	spleen	H2AZ2:spleen	variant	H2AZ2:HGNC:20664	4	D	4:D	2	bos_taurus	Bos taurus	98.328	0.1876699230031294	5	present_gold	98.328	19
7	human,bos_taurus,canis_lupus_familiaris,felis_catus,macaca_mulatta,pan_troglodytes,sus_scrofa	Homo sapiens,Bos taurus,Canis lupus familiaris,Felis catus,Macaca mulatta,Pan troglodytes,Sus scrofa	H2AZ2	spleen	H2AZ2:spleen	variant	H2AZ2:HGNC:20664	4	D	4:D	3	canis_lupus_familiaris	Canis lupus familiaris	94.05	2.008382433701315	3	present_gold	94.05	19
7	human,bos_taurus,canis_lupus_familiaris,felis_catus,macaca_mulatta,pan_troglodytes,sus_scrofa	Homo sapiens,Bos taurus,Canis lupus familiaris,Felis catus,Macaca mulatta,Pan troglodytes,Sus scrofa	H2AZ2	spleen	H2AZ2:spleen	variant	H2AZ2:HGNC:20664	4	D	4:D	4	felis_catus	Felis catus	98.91	0.0	1	present_gold	98.91	19
7	human,bos_taurus,canis_lupus_familiaris,felis_catus,macaca_mulatta,pan_troglodytes,sus_scrofa	Homo sapiens,Bos taurus,Canis lupus familiaris,Felis catus,Macaca mulatta,Pan troglodytes,Sus scrofa	H2AZ2	spleen	H2AZ2:spleen	variant	H2AZ2:HGNC:20664	4	D	4:D	5	macaca_mulatta	Macaca mulatta	95.165	2.36880771697494	2	present_gold	95.165	19
7	human,bos_taurus,canis_lupus_familiaris,felis_catus,macaca_mulatta,pan_troglodytes,sus_scrofa	Homo sapiens,Bos taurus,Canis lupus familiaris,Felis catus,Macaca mulatta,Pan troglodytes,Sus scrofa	H2AZ2	spleen	H2AZ2:spleen	variant	H2AZ2:HGNC:20664	4	D	4:D	6	pan_troglodytes	Pan troglodytes	84.4	0.0	1	present_gold	84.4	19
7	human,bos_taurus,canis_lupus_familiaris,felis_catus,macaca_mulatta,pan_troglodytes,sus_scrofa	Homo sapiens,Bos taurus,Canis lupus familiaris,Felis catus,Macaca mulatta,Pan troglodytes,Sus scrofa	H2AZ2	spleen	H2AZ2:spleen	variant	H2AZ2:HGNC:20664	4	D	4:D	7	sus_scrofa	Sus scrofa	93.67285714285715	6.981572684063179	7	present_gold	93.67285714285715	19
7	human,bos_taurus,canis_lupus_familiaris,felis_catus,macaca_mulatta,pan_troglodytes,sus_scrofa	Homo sapiens,Bos taurus,Canis lupus familiaris,Felis catus,Macaca mulatta,Pan troglodytes,Sus scrofa	H2AZ2	testis	H2AZ2:testis	variant	H2AZ2:HGNC:20664	4	E	4:E	1	human	Homo sapiens	95.85769230769232	1.368735145101455	13	present_gold	95.85769230769232	20
7	human,bos_taurus,canis_lupus_familiaris,felis_catus,macaca_mulatta,pan_troglodytes,sus_scrofa	Homo sapiens,Bos taurus,Canis lupus familiaris,Felis catus,Macaca mulatta,Pan troglodytes,Sus scrofa	H2AZ2	testis	H2AZ2:testis	variant	H2AZ2:HGNC:20664	4	E	4:E	2	bos_taurus	Bos taurus	94.785	2.940249989371653	6	present_gold	94.785	20
7	human,bos_taurus,canis_lupus_familiaris,felis_catus,macaca_mulatta,pan_troglodytes,sus_scrofa	Homo sapiens,Bos taurus,Canis lupus familiaris,Felis catus,Macaca mulatta,Pan troglodytes,Sus scrofa	H2AZ2	testis	H2AZ2:testis	variant	H2AZ2:HGNC:20664	4	E	4:E	3	canis_lupus_familiaris	Canis lupus familiaris	96.764	0.8937461732629801	10	present_gold	96.764	20
7	human,bos_taurus,canis_lupus_familiaris,felis_catus,macaca_mulatta,pan_troglodytes,sus_scrofa	Homo sapiens,Bos taurus,Canis lupus familiaris,Felis catus,Macaca mulatta,Pan troglodytes,Sus scrofa	H2AZ2	testis	H2AZ2:testis	variant	H2AZ2:HGNC:20664	4	E	4:E	4	felis_catus	Felis catus	97.02666666666669	1.0519188815366596	3	present_gold	97.02666666666669	20
7	human,bos_taurus,canis_lupus_familiaris,felis_catus,macaca_mulatta,pan_troglodytes,sus_scrofa	Homo sapiens,Bos taurus,Canis lupus familiaris,Felis catus,Macaca mulatta,Pan troglodytes,Sus scrofa	H2AZ2	testis	H2AZ2:testis	variant	H2AZ2:HGNC:20664	4	E	4:E	5	macaca_mulatta	Macaca mulatta	97.19333333333331	0.9569918146637107	3	present_gold	97.19333333333331	20
7	human,bos_taurus,canis_lupus_familiaris,felis_catus,macaca_mulatta,pan_troglodytes,sus_scrofa	Homo sapiens,Bos taurus,Canis lupus familiaris,Felis catus,Macaca mulatta,Pan troglodytes,Sus scrofa	H2AZ2	testis	H2AZ2:testis	variant	H2AZ2:HGNC:20664	4	E	4:E	6	pan_troglodytes	Pan troglodytes	89.84	3.337544007200504	2	present_gold	89.84	20
7	human,bos_taurus,canis_lupus_familiaris,felis_catus,macaca_mulatta,pan_troglodytes,sus_scrofa	Homo sapiens,Bos taurus,Canis lupus familiaris,Felis catus,Macaca mulatta,Pan troglodytes,Sus scrofa	H2AZ2	testis	H2AZ2:testis	variant	H2AZ2:HGNC:20664	4	E	4:E	7	sus_scrofa	Sus scrofa	87.11333333333334	5.269803917920792	3	present_gold	87.11333333333334	20
7	human,bos_taurus,canis_lupus_familiaris,felis_catus,macaca_mulatta,pan_troglodytes,sus_scrofa	Homo sapiens,Bos taurus,Canis lupus familiaris,Felis catus,Macaca mulatta,Pan troglodytes,Sus scrofa	MACROH2A1	adult mammalian kidney	MACROH2A1:adult mammalian kidney	variant	MACROH2A1:HGNC:4740	5	A	5:A	1	human	Homo sapiens	94.45538461538462	2.0831331185845	13	present_gold	94.45538461538462	21
7	human,bos_taurus,canis_lupus_familiaris,felis_catus,macaca_mulatta,pan_troglodytes,sus_scrofa	Homo sapiens,Bos taurus,Canis lupus familiaris,Felis catus,Macaca mulatta,Pan troglodytes,Sus scrofa	MACROH2A1	adult mammalian kidney	MACROH2A1:adult mammalian kidney	variant	MACROH2A1:HGNC:4740	5	A	5:A	2	bos_taurus	Bos taurus	92.4525	0.8610216799438514	4	present_gold	92.4525	21
7	human,bos_taurus,canis_lupus_familiaris,felis_catus,macaca_mulatta,pan_troglodytes,sus_scrofa	Homo sapiens,Bos taurus,Canis lupus familiaris,Felis catus,Macaca mulatta,Pan troglodytes,Sus scrofa	MACROH2A1	adult mammalian kidney	MACROH2A1:adult mammalian kidney	variant	MACROH2A1:HGNC:4740	5	A	5:A	3	canis_lupus_familiaris	Canis lupus familiaris	95.15333333333332	3.6102954634397104	3	present_gold	95.15333333333332	21
7	human,bos_taurus,canis_lupus_familiaris,felis_catus,macaca_mulatta,pan_troglodytes,sus_scrofa	Homo sapiens,Bos taurus,Canis lupus familiaris,Felis catus,Macaca mulatta,Pan troglodytes,Sus scrofa	MACROH2A1	adult mammalian kidney	MACROH2A1:adult mammalian kidney	variant	MACROH2A1:HGNC:4740	5	A	5:A	4	felis_catus	Felis catus	93.045	0.1202081528017142	2	present_gold	93.045	21
7	human,bos_taurus,canis_lupus_familiaris,felis_catus,macaca_mulatta,pan_troglodytes,sus_scrofa	Homo sapiens,Bos taurus,Canis lupus familiaris,Felis catus,Macaca mulatta,Pan troglodytes,Sus scrofa	MACROH2A1	adult mammalian kidney	MACROH2A1:adult mammalian kidney	variant	MACROH2A1:HGNC:4740	5	A	5:A	5	macaca_mulatta	Macaca mulatta	96.18333333333334	0.3592121007612824	3	present_gold	96.18333333333334	21
7	human,bos_taurus,canis_lupus_familiaris,felis_catus,macaca_mulatta,pan_troglodytes,sus_scrofa	Homo sapiens,Bos taurus,Canis lupus familiaris,Felis catus,Macaca mulatta,Pan troglodytes,Sus scrofa	MACROH2A1	adult mammalian kidney	MACROH2A1:adult mammalian kidney	variant	MACROH2A1:HGNC:4740	5	A	5:A	6	pan_troglodytes	Pan troglodytes	89.96999999999998	4.66131955566232	3	present_gold	89.96999999999998	21
7	human,bos_taurus,canis_lupus_familiaris,felis_catus,macaca_mulatta,pan_troglodytes,sus_scrofa	Homo sapiens,Bos taurus,Canis lupus familiaris,Felis catus,Macaca mulatta,Pan troglodytes,Sus scrofa	MACROH2A1	adult mammalian kidney	MACROH2A1:adult mammalian kidney	variant	MACROH2A1:HGNC:4740	5	A	5:A	7	sus_scrofa	Sus scrofa	93.8425	3.0444854518730526	4	present_gold	93.8425	21
7	human,bos_taurus,canis_lupus_familiaris,felis_catus,macaca_mulatta,pan_troglodytes,sus_scrofa	Homo sapiens,Bos taurus,Canis lupus familiaris,Felis catus,Macaca mulatta,Pan troglodytes,Sus scrofa	MACROH2A1	liver	MACROH2A1:liver	variant	MACROH2A1:HGNC:4740	5	B	5:B	1	human	Homo sapiens	94.20565217391304	1.8837844551640692	23	present_gold	94.20565217391304	22
7	human,bos_taurus,canis_lupus_familiaris,felis_catus,macaca_mulatta,pan_troglodytes,sus_scrofa	Homo sapiens,Bos taurus,Canis lupus familiaris,Felis catus,Macaca mulatta,Pan troglodytes,Sus scrofa	MACROH2A1	liver	MACROH2A1:liver	variant	MACROH2A1:HGNC:4740	5	B	5:B	2	bos_taurus	Bos taurus	83.904375	1.802716353173733	16	present_gold	83.904375	22
7	human,bos_taurus,canis_lupus_familiaris,felis_catus,macaca_mulatta,pan_troglodytes,sus_scrofa	Homo sapiens,Bos taurus,Canis lupus familiaris,Felis catus,Macaca mulatta,Pan troglodytes,Sus scrofa	MACROH2A1	liver	MACROH2A1:liver	variant	MACROH2A1:HGNC:4740	5	B	5:B	3	canis_lupus_familiaris	Canis lupus familiaris	94.01142857142858	1.2724704131652544	7	present_gold	94.01142857142858	22
7	human,bos_taurus,canis_lupus_familiaris,felis_catus,macaca_mulatta,pan_troglodytes,sus_scrofa	Homo sapiens,Bos taurus,Canis lupus familiaris,Felis catus,Macaca mulatta,Pan troglodytes,Sus scrofa	MACROH2A1	liver	MACROH2A1:liver	variant	MACROH2A1:HGNC:4740	5	B	5:B	4	felis_catus	Felis catus	88.825	2.6799347006970096	2	present_gold	88.825	22
7	human,bos_taurus,canis_lupus_familiaris,felis_catus,macaca_mulatta,pan_troglodytes,sus_scrofa	Homo sapiens,Bos taurus,Canis lupus familiaris,Felis catus,Macaca mulatta,Pan troglodytes,Sus scrofa	MACROH2A1	liver	MACROH2A1:liver	variant	MACROH2A1:HGNC:4740	5	B	5:B	5	macaca_mulatta	Macaca mulatta	91.89857142857144	0.6422727502504563	7	present_gold	91.89857142857144	22
7	human,bos_taurus,canis_lupus_familiaris,felis_catus,macaca_mulatta,pan_troglodytes,sus_scrofa	Homo sapiens,Bos taurus,Canis lupus familiaris,Felis catus,Macaca mulatta,Pan troglodytes,Sus scrofa	MACROH2A1	liver	MACROH2A1:liver	variant	MACROH2A1:HGNC:4740	5	B	5:B	6	pan_troglodytes	Pan troglodytes	89.47333333333334	4.055685720894395	6	present_gold	89.47333333333334	22
7	human,bos_taurus,canis_lupus_familiaris,felis_catus,macaca_mulatta,pan_troglodytes,sus_scrofa	Homo sapiens,Bos taurus,Canis lupus familiaris,Felis catus,Macaca mulatta,Pan troglodytes,Sus scrofa	MACROH2A1	liver	MACROH2A1:liver	variant	MACROH2A1:HGNC:4740	5	B	5:B	7	sus_scrofa	Sus scrofa	91.135	1.6166477662125434	6	present_gold	91.135	22
7	human,bos_taurus,canis_lupus_familiaris,felis_catus,macaca_mulatta,pan_troglodytes,sus_scrofa	Homo sapiens,Bos taurus,Canis lupus familiaris,Felis catus,Macaca mulatta,Pan troglodytes,Sus scrofa	MACROH2A1	prefrontal cortex	MACROH2A1:prefrontal cortex	variant	MACROH2A1:HGNC:4740	5	C	5:C	1	human	Homo sapiens	96.13	0.7423835486682985	10	present_gold	96.13	23
7	human,bos_taurus,canis_lupus_familiaris,felis_catus,macaca_mulatta,pan_troglodytes,sus_scrofa	Homo sapiens,Bos taurus,Canis lupus familiaris,Felis catus,Macaca mulatta,Pan troglodytes,Sus scrofa	MACROH2A1	prefrontal cortex	MACROH2A1:prefrontal cortex	variant	MACROH2A1:HGNC:4740	5	C	5:C	2	bos_taurus	Bos taurus	86.41	0.0	1	present_gold	86.41	23
7	human,bos_taurus,canis_lupus_familiaris,felis_catus,macaca_mulatta,pan_troglodytes,sus_scrofa	Homo sapiens,Bos taurus,Canis lupus familiaris,Felis catus,Macaca mulatta,Pan troglodytes,Sus scrofa	MACROH2A1	prefrontal cortex	MACROH2A1:prefrontal cortex	variant	MACROH2A1:HGNC:4740	5	C	5:C	3	canis_lupus_familiaris	Canis lupus familiaris	93.9	0.0	1	present_gold	93.9	23
7	human,bos_taurus,canis_lupus_familiaris,felis_catus,macaca_mulatta,pan_troglodytes,sus_scrofa	Homo sapiens,Bos taurus,Canis lupus familiaris,Felis catus,Macaca mulatta,Pan troglodytes,Sus scrofa	MACROH2A1	prefrontal cortex	MACROH2A1:prefrontal cortex	variant	MACROH2A1:HGNC:4740	5	C	5:C	4	felis_catus	Felis catus	92.5	0.0	1	present_gold	92.5	23
7	human,bos_taurus,canis_lupus_familiaris,felis_catus,macaca_mulatta,pan_troglodytes,sus_scrofa	Homo sapiens,Bos taurus,Canis lupus familiaris,Felis catus,Macaca mulatta,Pan troglodytes,Sus scrofa	MACROH2A1	prefrontal cortex	MACROH2A1:prefrontal cortex	variant	MACROH2A1:HGNC:4740	5	C	5:C	5	macaca_mulatta	Macaca mulatta	96.2825	0.0655108133567767	4	present_gold	96.2825	23
7	human,bos_taurus,canis_lupus_familiaris,felis_catus,macaca_mulatta,pan_troglodytes,sus_scrofa	Homo sapiens,Bos taurus,Canis lupus familiaris,Felis catus,Macaca mulatta,Pan troglodytes,Sus scrofa	MACROH2A1	prefrontal cortex	MACROH2A1:prefrontal cortex	variant	MACROH2A1:HGNC:4740	5	C	5:C	6	pan_troglodytes	Pan troglodytes	94.0281818181818	1.0394307882857634	11	present_gold	94.0281818181818	23
7	human,bos_taurus,canis_lupus_familiaris,felis_catus,macaca_mulatta,pan_troglodytes,sus_scrofa	Homo sapiens,Bos taurus,Canis lupus familiaris,Felis catus,Macaca mulatta,Pan troglodytes,Sus scrofa	MACROH2A1	prefrontal cortex	MACROH2A1:prefrontal cortex	variant	MACROH2A1:HGNC:4740	5	C	5:C	7	sus_scrofa	Sus scrofa	95.18	0.0	1	present_gold	95.18	23
7	human,bos_taurus,canis_lupus_familiaris,felis_catus,macaca_mulatta,pan_troglodytes,sus_scrofa	Homo sapiens,Bos taurus,Canis lupus familiaris,Felis catus,Macaca mulatta,Pan troglodytes,Sus scrofa	MACROH2A1	spleen	MACROH2A1:spleen	variant	MACROH2A1:HGNC:4740	5	D	5:D	1	human	Homo sapiens	97.69	0.1373118547487639	12	present_gold	97.69	24
7	human,bos_taurus,canis_lupus_familiaris,felis_catus,macaca_mulatta,pan_troglodytes,sus_scrofa	Homo sapiens,Bos taurus,Canis lupus familiaris,Felis catus,Macaca mulatta,Pan troglodytes,Sus scrofa	MACROH2A1	spleen	MACROH2A1:spleen	variant	MACROH2A1:HGNC:4740	5	D	5:D	2	bos_taurus	Bos taurus	90.38	0.6480354928551375	5	present_gold	90.38	24
7	human,bos_taurus,canis_lupus_familiaris,felis_catus,macaca_mulatta,pan_troglodytes,sus_scrofa	Homo sapiens,Bos taurus,Canis lupus familiaris,Felis catus,Macaca mulatta,Pan troglodytes,Sus scrofa	MACROH2A1	spleen	MACROH2A1:spleen	variant	MACROH2A1:HGNC:4740	5	D	5:D	3	canis_lupus_familiaris	Canis lupus familiaris	94.78333333333336	0.6888637988262539	3	present_gold	94.78333333333336	24
7	human,bos_taurus,canis_lupus_familiaris,felis_catus,macaca_mulatta,pan_troglodytes,sus_scrofa	Homo sapiens,Bos taurus,Canis lupus familiaris,Felis catus,Macaca mulatta,Pan troglodytes,Sus scrofa	MACROH2A1	spleen	MACROH2A1:spleen	variant	MACROH2A1:HGNC:4740	5	D	5:D	4	felis_catus	Felis catus	94.77	0.0	1	present_gold	94.77	24
7	human,bos_taurus,canis_lupus_familiaris,felis_catus,macaca_mulatta,pan_troglodytes,sus_scrofa	Homo sapiens,Bos taurus,Canis lupus familiaris,Felis catus,Macaca mulatta,Pan troglodytes,Sus scrofa	MACROH2A1	spleen	MACROH2A1:spleen	variant	MACROH2A1:HGNC:4740	5	D	5:D	5	macaca_mulatta	Macaca mulatta	97.815	0.1626345596729087	2	present_gold	97.815	24
7	human,bos_taurus,canis_lupus_familiaris,felis_catus,macaca_mulatta,pan_troglodytes,sus_scrofa	Homo sapiens,Bos taurus,Canis lupus familiaris,Felis catus,Macaca mulatta,Pan troglodytes,Sus scrofa	MACROH2A1	spleen	MACROH2A1:spleen	variant	MACROH2A1:HGNC:4740	5	D	5:D	6	pan_troglodytes	Pan troglodytes	85.24	0.0	1	present_gold	85.24	24
7	human,bos_taurus,canis_lupus_familiaris,felis_catus,macaca_mulatta,pan_troglodytes,sus_scrofa	Homo sapiens,Bos taurus,Canis lupus familiaris,Felis catus,Macaca mulatta,Pan troglodytes,Sus scrofa	MACROH2A1	spleen	MACROH2A1:spleen	variant	MACROH2A1:HGNC:4740	5	D	5:D	7	sus_scrofa	Sus scrofa	95.62142857142858	0.8972630341103743	7	present_gold	95.62142857142858	24
7	human,bos_taurus,canis_lupus_familiaris,felis_catus,macaca_mulatta,pan_troglodytes,sus_scrofa	Homo sapiens,Bos taurus,Canis lupus familiaris,Felis catus,Macaca mulatta,Pan troglodytes,Sus scrofa	MACROH2A1	testis	MACROH2A1:testis	variant	MACROH2A1:HGNC:4740	5	E	5:E	1	human	Homo sapiens	94.39769230769232	3.592930915576107	13	present_gold	94.39769230769232	25
7	human,bos_taurus,canis_lupus_familiaris,felis_catus,macaca_mulatta,pan_troglodytes,sus_scrofa	Homo sapiens,Bos taurus,Canis lupus familiaris,Felis catus,Macaca mulatta,Pan troglodytes,Sus scrofa	MACROH2A1	testis	MACROH2A1:testis	variant	MACROH2A1:HGNC:4740	5	E	5:E	2	bos_taurus	Bos taurus	72.01833333333333	6.134960200903234	6	present_gold	72.01833333333333	25
7	human,bos_taurus,canis_lupus_familiaris,felis_catus,macaca_mulatta,pan_troglodytes,sus_scrofa	Homo sapiens,Bos taurus,Canis lupus familiaris,Felis catus,Macaca mulatta,Pan troglodytes,Sus scrofa	MACROH2A1	testis	MACROH2A1:testis	variant	MACROH2A1:HGNC:4740	5	E	5:E	3	canis_lupus_familiaris	Canis lupus familiaris	88.313	2.943354284561143	10	present_gold	88.313	25
7	human,bos_taurus,canis_lupus_familiaris,felis_catus,macaca_mulatta,pan_troglodytes,sus_scrofa	Homo sapiens,Bos taurus,Canis lupus familiaris,Felis catus,Macaca mulatta,Pan troglodytes,Sus scrofa	MACROH2A1	testis	MACROH2A1:testis	variant	MACROH2A1:HGNC:4740	5	E	5:E	4	felis_catus	Felis catus	79.10000000000001	3.0592646175184	3	present_gold	79.10000000000001	25
7	human,bos_taurus,canis_lupus_familiaris,felis_catus,macaca_mulatta,pan_troglodytes,sus_scrofa	Homo sapiens,Bos taurus,Canis lupus familiaris,Felis catus,Macaca mulatta,Pan troglodytes,Sus scrofa	MACROH2A1	testis	MACROH2A1:testis	variant	MACROH2A1:HGNC:4740	5	E	5:E	5	macaca_mulatta	Macaca mulatta	80.36333333333333	3.5191807758814164	3	present_gold	80.36333333333333	25
7	human,bos_taurus,canis_lupus_familiaris,felis_catus,macaca_mulatta,pan_troglodytes,sus_scrofa	Homo sapiens,Bos taurus,Canis lupus familiaris,Felis catus,Macaca mulatta,Pan troglodytes,Sus scrofa	MACROH2A1	testis	MACROH2A1:testis	variant	MACROH2A1:HGNC:4740	5	E	5:E	6	pan_troglodytes	Pan troglodytes	84.88499999999999	2.071822868876579	2	present_gold	84.88499999999999	25
7	human,bos_taurus,canis_lupus_familiaris,felis_catus,macaca_mulatta,pan_troglodytes,sus_scrofa	Homo sapiens,Bos taurus,Canis lupus familiaris,Felis catus,Macaca mulatta,Pan troglodytes,Sus scrofa	MACROH2A1	testis	MACROH2A1:testis	variant	MACROH2A1:HGNC:4740	5	E	5:E	7	sus_scrofa	Sus scrofa	83.94	1.4402430350465147	3	present_gold	83.94	25
7	human,bos_taurus,canis_lupus_familiaris,felis_catus,macaca_mulatta,pan_troglodytes,sus_scrofa	Homo sapiens,Bos taurus,Canis lupus familiaris,Felis catus,Macaca mulatta,Pan troglodytes,Sus scrofa	MACROH2A2	adult mammalian kidney	MACROH2A2:adult mammalian kidney	variant	MACROH2A2:HGNC:14453	6	A	6:A	1	human	Homo sapiens	83.38416666666667	2.0850352442337696	12	present_gold	83.38416666666667	26
7	human,bos_taurus,canis_lupus_familiaris,felis_catus,macaca_mulatta,pan_troglodytes,sus_scrofa	Homo sapiens,Bos taurus,Canis lupus familiaris,Felis catus,Macaca mulatta,Pan troglodytes,Sus scrofa	MACROH2A2	adult mammalian kidney	MACROH2A2:adult mammalian kidney	variant	MACROH2A2:HGNC:14453	6	A	6:A	2	bos_taurus	Bos taurus	49.72	1.8891267824050348	4	present_gold	49.72	26
7	human,bos_taurus,canis_lupus_familiaris,felis_catus,macaca_mulatta,pan_troglodytes,sus_scrofa	Homo sapiens,Bos taurus,Canis lupus familiaris,Felis catus,Macaca mulatta,Pan troglodytes,Sus scrofa	MACROH2A2	adult mammalian kidney	MACROH2A2:adult mammalian kidney	variant	MACROH2A2:HGNC:14453	6	A	6:A	3	canis_lupus_familiaris	Canis lupus familiaris	80.08666666666666	19.250419043058088	3	present_gold	80.08666666666666	26
7	human,bos_taurus,canis_lupus_familiaris,felis_catus,macaca_mulatta,pan_troglodytes,sus_scrofa	Homo sapiens,Bos taurus,Canis lupus familiaris,Felis catus,Macaca mulatta,Pan troglodytes,Sus scrofa	MACROH2A2	adult mammalian kidney	MACROH2A2:adult mammalian kidney	variant	MACROH2A2:HGNC:14453	6	A	6:A	4	felis_catus	Felis catus	54.325	8.209509729575815	2	present_gold	54.325	26
7	human,bos_taurus,canis_lupus_familiaris,felis_catus,macaca_mulatta,pan_troglodytes,sus_scrofa	Homo sapiens,Bos taurus,Canis lupus familiaris,Felis catus,Macaca mulatta,Pan troglodytes,Sus scrofa	MACROH2A2	adult mammalian kidney	MACROH2A2:adult mammalian kidney	variant	MACROH2A2:HGNC:14453	6	A	6:A	5	macaca_mulatta	Macaca mulatta	64.68333333333334	1.8436196281590589	3	present_gold	64.68333333333334	26
7	human,bos_taurus,canis_lupus_familiaris,felis_catus,macaca_mulatta,pan_troglodytes,sus_scrofa	Homo sapiens,Bos taurus,Canis lupus familiaris,Felis catus,Macaca mulatta,Pan troglodytes,Sus scrofa	MACROH2A2	adult mammalian kidney	MACROH2A2:adult mammalian kidney	variant	MACROH2A2:HGNC:14453	6	A	6:A	6	pan_troglodytes	Pan troglodytes	55.38	10.43566480872206	3	present_gold	55.38	26
7	human,bos_taurus,canis_lupus_familiaris,felis_catus,macaca_mulatta,pan_troglodytes,sus_scrofa	Homo sapiens,Bos taurus,Canis lupus familiaris,Felis catus,Macaca mulatta,Pan troglodytes,Sus scrofa	MACROH2A2	adult mammalian kidney	MACROH2A2:adult mammalian kidney	variant	MACROH2A2:HGNC:14453	6	A	6:A	7	sus_scrofa	Sus scrofa	58.32333333333333	2.6046176942755603	3	present_gold	58.32333333333333	26
7	human,bos_taurus,canis_lupus_familiaris,felis_catus,macaca_mulatta,pan_troglodytes,sus_scrofa	Homo sapiens,Bos taurus,Canis lupus familiaris,Felis catus,Macaca mulatta,Pan troglodytes,Sus scrofa	MACROH2A2	liver	MACROH2A2:liver	variant	MACROH2A2:HGNC:14453	6	B	6:B	1	human	Homo sapiens	82.71000000000001	3.52806939900713	20	present_gold	82.71000000000001	27
7	human,bos_taurus,canis_lupus_familiaris,felis_catus,macaca_mulatta,pan_troglodytes,sus_scrofa	Homo sapiens,Bos taurus,Canis lupus familiaris,Felis catus,Macaca mulatta,Pan troglodytes,Sus scrofa	MACROH2A2	liver	MACROH2A2:liver	variant	MACROH2A2:HGNC:14453	6	B	6:B	2	bos_taurus	Bos taurus	47.188	2.3960217027397737	5	present_gold	47.188	27
7	human,bos_taurus,canis_lupus_familiaris,felis_catus,macaca_mulatta,pan_troglodytes,sus_scrofa	Homo sapiens,Bos taurus,Canis lupus familiaris,Felis catus,Macaca mulatta,Pan troglodytes,Sus scrofa	MACROH2A2	liver	MACROH2A2:liver	variant	MACROH2A2:HGNC:14453	6	B	6:B	3	canis_lupus_familiaris	Canis lupus familiaris	45.95	11.111640742932613	6	present_gold	45.95	27
7	human,bos_taurus,canis_lupus_familiaris,felis_catus,macaca_mulatta,pan_troglodytes,sus_scrofa	Homo sapiens,Bos taurus,Canis lupus familiaris,Felis catus,Macaca mulatta,Pan troglodytes,Sus scrofa	MACROH2A2	liver	MACROH2A2:liver	variant	MACROH2A2:HGNC:14453	6	B	6:B	4	felis_catus	Felis catus	68.08	0.0	1	present_gold	68.08	27
7	human,bos_taurus,canis_lupus_familiaris,felis_catus,macaca_mulatta,pan_troglodytes,sus_scrofa	Homo sapiens,Bos taurus,Canis lupus familiaris,Felis catus,Macaca mulatta,Pan troglodytes,Sus scrofa	MACROH2A2	liver	MACROH2A2:liver	variant	MACROH2A2:HGNC:14453	6	B	6:B	5	macaca_mulatta	Macaca mulatta	0.0	0.0	0	observed_zero	0.0	27
7	human,bos_taurus,canis_lupus_familiaris,felis_catus,macaca_mulatta,pan_troglodytes,sus_scrofa	Homo sapiens,Bos taurus,Canis lupus familiaris,Felis catus,Macaca mulatta,Pan troglodytes,Sus scrofa	MACROH2A2	liver	MACROH2A2:liver	variant	MACROH2A2:HGNC:14453	6	B	6:B	6	pan_troglodytes	Pan troglodytes	56.083333333333336	3.829964316630985	6	present_gold	56.083333333333336	27
7	human,bos_taurus,canis_lupus_familiaris,felis_catus,macaca_mulatta,pan_troglodytes,sus_scrofa	Homo sapiens,Bos taurus,Canis lupus familiaris,Felis catus,Macaca mulatta,Pan troglodytes,Sus scrofa	MACROH2A2	liver	MACROH2A2:liver	variant	MACROH2A2:HGNC:14453	6	B	6:B	7	sus_scrofa	Sus scrofa	52.74	2.2166491227375915	4	present_gold	52.74	27
7	human,bos_taurus,canis_lupus_familiaris,felis_catus,macaca_mulatta,pan_troglodytes,sus_scrofa	Homo sapiens,Bos taurus,Canis lupus familiaris,Felis catus,Macaca mulatta,Pan troglodytes,Sus scrofa	MACROH2A2	prefrontal cortex	MACROH2A2:prefrontal cortex	variant	MACROH2A2:HGNC:14453	6	C	6:C	1	human	Homo sapiens	82.55250000000001	3.754356517053603	8	present_gold	82.55250000000001	28
7	human,bos_taurus,canis_lupus_familiaris,felis_catus,macaca_mulatta,pan_troglodytes,sus_scrofa	Homo sapiens,Bos taurus,Canis lupus familiaris,Felis catus,Macaca mulatta,Pan troglodytes,Sus scrofa	MACROH2A2	prefrontal cortex	MACROH2A2:prefrontal cortex	variant	MACROH2A2:HGNC:14453	6	C	6:C	2	bos_taurus	Bos taurus	65.47	0.0	1	present_gold	65.47	28
7	human,bos_taurus,canis_lupus_familiaris,felis_catus,macaca_mulatta,pan_troglodytes,sus_scrofa	Homo sapiens,Bos taurus,Canis lupus familiaris,Felis catus,Macaca mulatta,Pan troglodytes,Sus scrofa	MACROH2A2	prefrontal cortex	MACROH2A2:prefrontal cortex	variant	MACROH2A2:HGNC:14453	6	C	6:C	3	canis_lupus_familiaris	Canis lupus familiaris	59.64	0.0	1	present_gold	59.64	28
7	human,bos_taurus,canis_lupus_familiaris,felis_catus,macaca_mulatta,pan_troglodytes,sus_scrofa	Homo sapiens,Bos taurus,Canis lupus familiaris,Felis catus,Macaca mulatta,Pan troglodytes,Sus scrofa	MACROH2A2	prefrontal cortex	MACROH2A2:prefrontal cortex	variant	MACROH2A2:HGNC:14453	6	C	6:C	4	felis_catus	Felis catus	55.1	0.0	1	present_gold	55.1	28
7	human,bos_taurus,canis_lupus_familiaris,felis_catus,macaca_mulatta,pan_troglodytes,sus_scrofa	Homo sapiens,Bos taurus,Canis lupus familiaris,Felis catus,Macaca mulatta,Pan troglodytes,Sus scrofa	MACROH2A2	prefrontal cortex	MACROH2A2:prefrontal cortex	variant	MACROH2A2:HGNC:14453	6	C	6:C	5	macaca_mulatta	Macaca mulatta	72.565	4.2233833198830855	4	present_gold	72.565	28
7	human,bos_taurus,canis_lupus_familiaris,felis_catus,macaca_mulatta,pan_troglodytes,sus_scrofa	Homo sapiens,Bos taurus,Canis lupus familiaris,Felis catus,Macaca mulatta,Pan troglodytes,Sus scrofa	MACROH2A2	prefrontal cortex	MACROH2A2:prefrontal cortex	variant	MACROH2A2:HGNC:14453	6	C	6:C	6	pan_troglodytes	Pan troglodytes	66.33727272727273	4.180725034988764	11	present_gold	66.33727272727273	28
7	human,bos_taurus,canis_lupus_familiaris,felis_catus,macaca_mulatta,pan_troglodytes,sus_scrofa	Homo sapiens,Bos taurus,Canis lupus familiaris,Felis catus,Macaca mulatta,Pan troglodytes,Sus scrofa	MACROH2A2	prefrontal cortex	MACROH2A2:prefrontal cortex	variant	MACROH2A2:HGNC:14453	6	C	6:C	7	sus_scrofa	Sus scrofa	64.08	0.0	1	present_gold	64.08	28
7	human,bos_taurus,canis_lupus_familiaris,felis_catus,macaca_mulatta,pan_troglodytes,sus_scrofa	Homo sapiens,Bos taurus,Canis lupus familiaris,Felis catus,Macaca mulatta,Pan troglodytes,Sus scrofa	MACROH2A2	spleen	MACROH2A2:spleen	variant	MACROH2A2:HGNC:14453	6	D	6:D	1	human	Homo sapiens	71.56666666666666	1.2081641469852544	12	present_gold	71.56666666666666	29
7	human,bos_taurus,canis_lupus_familiaris,felis_catus,macaca_mulatta,pan_troglodytes,sus_scrofa	Homo sapiens,Bos taurus,Canis lupus familiaris,Felis catus,Macaca mulatta,Pan troglodytes,Sus scrofa	MACROH2A2	spleen	MACROH2A2:spleen	variant	MACROH2A2:HGNC:14453	6	D	6:D	2	bos_taurus	Bos taurus	50.048	2.5890867115645224	5	present_gold	50.048	29
7	human,bos_taurus,canis_lupus_familiaris,felis_catus,macaca_mulatta,pan_troglodytes,sus_scrofa	Homo sapiens,Bos taurus,Canis lupus familiaris,Felis catus,Macaca mulatta,Pan troglodytes,Sus scrofa	MACROH2A2	spleen	MACROH2A2:spleen	variant	MACROH2A2:HGNC:14453	6	D	6:D	3	canis_lupus_familiaris	Canis lupus familiaris	46.21666666666667	3.6263250451846334	3	present_gold	46.21666666666667	29
7	human,bos_taurus,canis_lupus_familiaris,felis_catus,macaca_mulatta,pan_troglodytes,sus_scrofa	Homo sapiens,Bos taurus,Canis lupus familiaris,Felis catus,Macaca mulatta,Pan troglodytes,Sus scrofa	MACROH2A2	spleen	MACROH2A2:spleen	variant	MACROH2A2:HGNC:14453	6	D	6:D	4	felis_catus	Felis catus	39.84	0.0	1	present_gold	39.84	29
7	human,bos_taurus,canis_lupus_familiaris,felis_catus,macaca_mulatta,pan_troglodytes,sus_scrofa	Homo sapiens,Bos taurus,Canis lupus familiaris,Felis catus,Macaca mulatta,Pan troglodytes,Sus scrofa	MACROH2A2	spleen	MACROH2A2:spleen	variant	MACROH2A2:HGNC:14453	6	D	6:D	5	macaca_mulatta	Macaca mulatta	0.0	0.0	0	observed_zero	0.0	29
7	human,bos_taurus,canis_lupus_familiaris,felis_catus,macaca_mulatta,pan_troglodytes,sus_scrofa	Homo sapiens,Bos taurus,Canis lupus familiaris,Felis catus,Macaca mulatta,Pan troglodytes,Sus scrofa	MACROH2A2	spleen	MACROH2A2:spleen	variant	MACROH2A2:HGNC:14453	6	D	6:D	6	pan_troglodytes	Pan troglodytes	0.0	0.0	0	observed_zero	0.0	29
7	human,bos_taurus,canis_lupus_familiaris,felis_catus,macaca_mulatta,pan_troglodytes,sus_scrofa	Homo sapiens,Bos taurus,Canis lupus familiaris,Felis catus,Macaca mulatta,Pan troglodytes,Sus scrofa	MACROH2A2	spleen	MACROH2A2:spleen	variant	MACROH2A2:HGNC:14453	6	D	6:D	7	sus_scrofa	Sus scrofa	52.495000000000005	3.130308823955448	4	present_gold	52.495000000000005	29
7	human,bos_taurus,canis_lupus_familiaris,felis_catus,macaca_mulatta,pan_troglodytes,sus_scrofa	Homo sapiens,Bos taurus,Canis lupus familiaris,Felis catus,Macaca mulatta,Pan troglodytes,Sus scrofa	MACROH2A2	testis	MACROH2A2:testis	variant	MACROH2A2:HGNC:14453	6	E	6:E	1	human	Homo sapiens	79.30230769230769	3.954333390611187	13	present_gold	79.30230769230769	30
7	human,bos_taurus,canis_lupus_familiaris,felis_catus,macaca_mulatta,pan_troglodytes,sus_scrofa	Homo sapiens,Bos taurus,Canis lupus familiaris,Felis catus,Macaca mulatta,Pan troglodytes,Sus scrofa	MACROH2A2	testis	MACROH2A2:testis	variant	MACROH2A2:HGNC:14453	6	E	6:E	2	bos_taurus	Bos taurus	59.833333333333336	8.5055691559511	6	present_gold	59.833333333333336	30
7	human,bos_taurus,canis_lupus_familiaris,felis_catus,macaca_mulatta,pan_troglodytes,sus_scrofa	Homo sapiens,Bos taurus,Canis lupus familiaris,Felis catus,Macaca mulatta,Pan troglodytes,Sus scrofa	MACROH2A2	testis	MACROH2A2:testis	variant	MACROH2A2:HGNC:14453	6	E	6:E	3	canis_lupus_familiaris	Canis lupus familiaris	78.12	4.940272147249469	10	present_gold	78.12	30
7	human,bos_taurus,canis_lupus_familiaris,felis_catus,macaca_mulatta,pan_troglodytes,sus_scrofa	Homo sapiens,Bos taurus,Canis lupus familiaris,Felis catus,Macaca mulatta,Pan troglodytes,Sus scrofa	MACROH2A2	testis	MACROH2A2:testis	variant	MACROH2A2:HGNC:14453	6	E	6:E	4	felis_catus	Felis catus	32.73	1.933804540278048	3	present_gold	32.73	30
7	human,bos_taurus,canis_lupus_familiaris,felis_catus,macaca_mulatta,pan_troglodytes,sus_scrofa	Homo sapiens,Bos taurus,Canis lupus familiaris,Felis catus,Macaca mulatta,Pan troglodytes,Sus scrofa	MACROH2A2	testis	MACROH2A2:testis	variant	MACROH2A2:HGNC:14453	6	E	6:E	5	macaca_mulatta	Macaca mulatta	55.38333333333333	2.440744421960916	3	present_gold	55.38333333333333	30
7	human,bos_taurus,canis_lupus_familiaris,felis_catus,macaca_mulatta,pan_troglodytes,sus_scrofa	Homo sapiens,Bos taurus,Canis lupus familiaris,Felis catus,Macaca mulatta,Pan troglodytes,Sus scrofa	MACROH2A2	testis	MACROH2A2:testis	variant	MACROH2A2:HGNC:14453	6	E	6:E	6	pan_troglodytes	Pan troglodytes	70.97	0.7778174593051983	2	present_gold	70.97	30
7	human,bos_taurus,canis_lupus_familiaris,felis_catus,macaca_mulatta,pan_troglodytes,sus_scrofa	Homo sapiens,Bos taurus,Canis lupus familiaris,Felis catus,Macaca mulatta,Pan troglodytes,Sus scrofa	MACROH2A2	testis	MACROH2A2:testis	variant	MACROH2A2:HGNC:14453	6	E	6:E	7	sus_scrofa	Sus scrofa	55.303333333333335	2.930022753040208	3	present_gold	55.303333333333335	30
