gene_name,tissue,gene_class,gene_species_count,species_n,mean_score,median_score,std_score,min_score,max_score,range,max_species,max_species_name,_max_score_check,min_species,min_species_name,_min_score_check,passes_conservative_species_filter,is_conservative_candidate,is_high_confidence_candidate,candidate_level,low_variability_level,is_low_variability_p05,is_low_variability_p10,class_specific_low_level,class_specific_low_threshold
H2AC1,frontal cortex,clustered,7,6,0.0,0.0,0.0,0.0,0.0,0.0,bos_taurus,Bos taurus,0.0,bos_taurus,Bos taurus,0.0,True,False,False,background,p10,True,True,p05,15.784090909090908
H2AC1,skeletal muscle tissue,clustered,7,6,0.0,0.0,0.0,0.0,0.0,0.0,bos_taurus,Bos taurus,0.0,bos_taurus,Bos taurus,0.0,True,False,False,background,p10,True,True,p05,15.784090909090908
H2AC1,cerebral cortex,clustered,7,5,0.0,0.0,0.0,0.0,0.0,0.0,bos_taurus,Bos taurus,0.0,bos_taurus,Bos taurus,0.0,True,False,False,background,p10,True,True,p05,15.784090909090908
H2AC1,adipose tissue,clustered,7,4,0.0,0.0,0.0,0.0,0.0,0.0,bos_taurus,Bos taurus,0.0,bos_taurus,Bos taurus,0.0,True,False,False,background,p10,True,True,p05,15.784090909090908
H2AC1,hypothalamus,clustered,7,4,0.0,0.0,0.0,0.0,0.0,0.0,bos_taurus,Bos taurus,0.0,bos_taurus,Bos taurus,0.0,True,False,False,background,p10,True,True,p05,15.784090909090908
H2AC1,lymph node,clustered,7,4,0.0,0.0,0.0,0.0,0.0,0.0,bos_taurus,Bos taurus,0.0,bos_taurus,Bos taurus,0.0,True,False,False,background,p10,True,True,p05,15.784090909090908
H2AC1,ovary,clustered,7,4,0.0,0.0,0.0,0.0,0.0,0.0,bos_taurus,Bos taurus,0.0,bos_taurus,Bos taurus,0.0,True,False,False,background,p10,True,True,p05,15.784090909090908
H2AC1,pituitary gland,clustered,7,4,0.0,0.0,0.0,0.0,0.0,0.0,bos_taurus,Bos taurus,0.0,bos_taurus,Bos taurus,0.0,True,False,False,background,p10,True,True,p05,15.784090909090908
H2AC11,metanephros cortex,clustered,6,4,0.0,0.0,0.0,0.0,0.0,0.0,bos_taurus,Bos taurus,0.0,bos_taurus,Bos taurus,0.0,True,False,False,background,p10,True,True,p05,15.784090909090908
H2AC13,muscle tissue,clustered,7,4,42.06066666666666,41.69,2.192598053046255,39.906666666666666,44.956,5.049333333333337,bos_taurus,Bos taurus,44.956,equus_caballus,Equus caballus,39.906666666666666,True,False,False,background,background,False,False,p05,15.784090909090908
H2AC8,cortex of kidney,clustered,6,4,55.99875,56.5875,3.0963106406388423,51.74,59.08,7.339999999999996,human,Homo sapiens,59.08,macaca_mulatta,Macaca mulatta,51.74,True,False,False,background,background,False,False,p05,15.784090909090908
H2AC21,blood,clustered,6,4,52.13229166666667,51.43958333333333,4.294330099904348,48.07,57.580000000000005,9.510000000000005,human,Homo sapiens,57.580000000000005,equus_caballus,Equus caballus,48.07,True,False,False,background,background,False,False,p05,15.784090909090908
H2AC6,skeletal muscle tissue,clustered,7,5,85.53066666666666,83.565,5.486702688217107,81.73333333333333,95.24,13.50666666666666,pan_troglodytes,Pan troglodytes,95.24,human,Homo sapiens,81.73333333333333,True,False,False,background,background,False,False,p05,15.784090909090908
H2AC7,spleen,clustered,5,4,41.272045454545456,41.965,7.867059445008329,32.75,48.408181818181816,15.658181818181816,human,Homo sapiens,48.408181818181816,felis_catus,Felis catus,32.75,True,False,False,background,background,False,False,p05,15.784090909090908
H2AC1,frontal cortex,clustered,7,6,0.0,0.0,0.0,0.0,0.0,0.0,bos_taurus,Bos taurus,0.0,bos_taurus,Bos taurus,0.0,True,False,False,background,p10,True,True,p10,25.56
H2AC1,skeletal muscle tissue,clustered,7,6,0.0,0.0,0.0,0.0,0.0,0.0,bos_taurus,Bos taurus,0.0,bos_taurus,Bos taurus,0.0,True,False,False,background,p10,True,True,p10,25.56
H2AC1,cerebral cortex,clustered,7,5,0.0,0.0,0.0,0.0,0.0,0.0,bos_taurus,Bos taurus,0.0,bos_taurus,Bos taurus,0.0,True,False,False,background,p10,True,True,p10,25.56
H2AC1,adipose tissue,clustered,7,4,0.0,0.0,0.0,0.0,0.0,0.0,bos_taurus,Bos taurus,0.0,bos_taurus,Bos taurus,0.0,True,False,False,background,p10,True,True,p10,25.56
H2AC1,hypothalamus,clustered,7,4,0.0,0.0,0.0,0.0,0.0,0.0,bos_taurus,Bos taurus,0.0,bos_taurus,Bos taurus,0.0,True,False,False,background,p10,True,True,p10,25.56
H2AC1,lymph node,clustered,7,4,0.0,0.0,0.0,0.0,0.0,0.0,bos_taurus,Bos taurus,0.0,bos_taurus,Bos taurus,0.0,True,False,False,background,p10,True,True,p10,25.56
H2AC1,ovary,clustered,7,4,0.0,0.0,0.0,0.0,0.0,0.0,bos_taurus,Bos taurus,0.0,bos_taurus,Bos taurus,0.0,True,False,False,background,p10,True,True,p10,25.56
H2AC1,pituitary gland,clustered,7,4,0.0,0.0,0.0,0.0,0.0,0.0,bos_taurus,Bos taurus,0.0,bos_taurus,Bos taurus,0.0,True,False,False,background,p10,True,True,p10,25.56
H2AC11,metanephros cortex,clustered,6,4,0.0,0.0,0.0,0.0,0.0,0.0,bos_taurus,Bos taurus,0.0,bos_taurus,Bos taurus,0.0,True,False,False,background,p10,True,True,p10,25.56
H2AC13,muscle tissue,clustered,7,4,42.06066666666666,41.69,2.192598053046255,39.906666666666666,44.956,5.049333333333337,bos_taurus,Bos taurus,44.956,equus_caballus,Equus caballus,39.906666666666666,True,False,False,background,background,False,False,p10,25.56
H2AC8,cortex of kidney,clustered,6,4,55.99875,56.5875,3.0963106406388423,51.74,59.08,7.339999999999996,human,Homo sapiens,59.08,macaca_mulatta,Macaca mulatta,51.74,True,False,False,background,background,False,False,p10,25.56
H2AC21,blood,clustered,6,4,52.13229166666667,51.43958333333333,4.294330099904348,48.07,57.580000000000005,9.510000000000005,human,Homo sapiens,57.580000000000005,equus_caballus,Equus caballus,48.07,True,False,False,background,background,False,False,p10,25.56
H2AC6,skeletal muscle tissue,clustered,7,5,85.53066666666666,83.565,5.486702688217107,81.73333333333333,95.24,13.50666666666666,pan_troglodytes,Pan troglodytes,95.24,human,Homo sapiens,81.73333333333333,True,False,False,background,background,False,False,p10,25.56
H2AC7,spleen,clustered,5,4,41.272045454545456,41.965,7.867059445008329,32.75,48.408181818181816,15.658181818181816,human,Homo sapiens,48.408181818181816,felis_catus,Felis catus,32.75,True,False,False,background,background,False,False,p10,25.56
H2AC1,prefrontal cortex,clustered,7,6,2.651666666666667,0.0,6.49523030128006,0.0,15.91,15.91,felis_catus,Felis catus,15.91,bos_taurus,Bos taurus,0.0,True,False,False,background,background,False,False,p10,25.56
H2AC15,liver,clustered,5,5,43.77916666666667,41.50833333333333,6.174754999638087,36.92,53.1625,16.2425,human,Homo sapiens,53.1625,felis_catus,Felis catus,36.92,True,False,False,background,background,False,False,p10,25.56
H2AC21,cortex of kidney,clustered,6,4,45.2925,44.485,7.765236098578503,36.66,55.54,18.880000000000003,macaca_mulatta,Macaca mulatta,55.54,pan_troglodytes,Pan troglodytes,36.66,True,False,False,background,background,False,False,p10,25.56
H2AC6,brain,clustered,7,5,73.39835714285714,73.44749999999999,8.20927704285381,64.19,83.14,18.950000000000003,felis_catus,Felis catus,83.14,canis_lupus_familiaris,Canis lupus familiaris,64.19,True,False,False,background,background,False,False,p10,25.56
H2AC11,muscle tissue,clustered,6,4,40.463541666666664,41.098749999999995,7.84112911060433,30.346666666666664,49.31,18.96333333333334,human,Homo sapiens,49.31,bos_taurus,Bos taurus,30.346666666666664,True,False,False,background,background,False,False,p10,25.56
H2AC6,pituitary gland,clustered,7,4,88.38214285714285,89.73761904761905,8.14802154758035,77.50333333333333,96.55,19.046666666666667,pan_troglodytes,Pan troglodytes,96.55,canis_lupus_familiaris,Canis lupus familiaris,77.50333333333333,True,False,False,background,background,False,False,p10,25.56
H2AC6,adipose tissue,clustered,7,4,79.69093137254902,79.6885294117647,8.95411948532076,69.88666666666667,89.5,19.61333333333333,macaca_mulatta,Macaca mulatta,89.5,bos_taurus,Bos taurus,69.88666666666667,True,False,False,background,background,False,False,p10,25.56
H2AC1,cortex of kidney,clustered,7,5,37.338,37.52,9.148962782742098,26.08,47.43,21.35,mus_musculus,Mus musculus,47.43,pan_troglodytes,Pan troglodytes,26.08,True,False,False,background,background,False,False,p10,25.56
H2AC25,liver,clustered,6,6,45.72311111111111,47.31,8.647423011553254,32.056666666666665,53.722,21.665333333333336,human,Homo sapiens,53.722,canis_lupus_familiaris,Canis lupus familiaris,32.056666666666665,True,False,False,background,background,False,False,p10,25.56
H2AC6,bone marrow,clustered,7,5,88.68971428571429,86.87,8.780226590446953,76.48,99.25,22.769999999999996,pan_troglodytes,Pan troglodytes,99.25,bos_taurus,Bos taurus,76.48,True,False,False,background,background,False,False,p10,25.56
H2AC6,kidney,clustered,7,4,78.43416666666667,79.1575,9.899639583787327,65.85,89.57166666666666,23.721666666666664,human,Homo sapiens,89.57166666666666,canis_lupus_familiaris,Canis lupus familiaris,65.85,True,False,False,background,background,False,False,p10,25.56
H2AC25,blood,clustered,6,4,68.07901041666666,67.47333333333333,10.187552492728598,56.3625,81.006875,24.644374999999997,human,Homo sapiens,81.006875,bos_taurus,Bos taurus,56.3625,True,False,False,background,background,False,False,p10,25.56
H2AC11,blood,clustered,6,5,56.42268571428572,58.120000000000005,10.079602036199807,44.25,69.79942857142858,25.549428571428578,human,Homo sapiens,69.79942857142858,bos_taurus,Bos taurus,44.25,True,False,False,background,background,False,False,p10,25.56
H2AC1,brain,clustered,7,6,4.26,0.0,10.434826304256339,0.0,25.56,25.56,mus_musculus,Mus musculus,25.56,bos_taurus,Bos taurus,0.0,True,False,False,background,background,False,False,p10,25.56
H2AZ1,thymus,variant,8,4,98.983125,99.00999999999999,0.575504760333629,98.34,99.5725,1.2325000000000017,human,Homo sapiens,99.5725,pan_troglodytes,Pan troglodytes,98.34,True,False,False,background,p10,True,True,p05,2.9035000000000073
H2AJ,metanephros cortex,variant,8,4,96.9825,97.04249999999999,0.6546054791501018,96.14,97.705,1.5649999999999977,human,Homo sapiens,97.705,bos_taurus,Bos taurus,96.14,True,False,False,background,p10,True,True,p05,2.9035000000000073
H2AZ1,frontal cortex,variant,8,6,96.9728144078144,97.25999999999999,0.7772342824037527,95.65714285714286,97.695,2.037857142857135,pan_troglodytes,Pan troglodytes,97.695,sus_scrofa,Sus scrofa,95.65714285714286,True,False,False,background,p10,True,True,p05,2.9035000000000073
H2AZ1,spleen,variant,8,7,97.28777551020407,96.928,0.8638517983365244,96.28142857142858,98.73666666666666,2.4552380952380872,human,Homo sapiens,98.73666666666666,sus_scrofa,Sus scrofa,96.28142857142858,True,False,False,background,p10,True,True,p05,2.9035000000000073
H2AZ1,blood,variant,8,5,96.87774358974359,96.47,1.097572217749493,95.69666666666666,98.18538461538462,2.4887179487179623,human,Homo sapiens,98.18538461538462,equus_caballus,Equus caballus,95.69666666666666,True,False,False,background,p10,True,True,p05,2.9035000000000073
H2AZ1,Ammon's horn,variant,8,4,96.84385416666667,97.25770833333334,1.1728128469446155,95.12,97.74,2.6199999999999903,macaca_mulatta,Macaca mulatta,97.74,bos_taurus,Bos taurus,95.12,True,False,False,background,p10,True,True,p05,2.9035000000000073
H2AZ1,cortex of kidney,variant,8,4,95.01650000000001,95.253,1.2756837382360906,93.47,96.09,2.6200000000000045,macaca_mulatta,Macaca mulatta,96.09,bos_taurus,Bos taurus,93.47,True,False,False,background,p10,True,True,p05,2.9035000000000073
MACROH2A1,retina,variant,8,4,95.5175,95.245,1.230863518023011,94.39,97.19,2.799999999999997,human,Homo sapiens,97.19,bos_taurus,Bos taurus,94.39,True,False,False,background,p10,True,True,p05,2.9035000000000073
H2AZ1,lymph node,variant,8,5,97.04233333333335,97.16,1.2973089668832003,95.48,98.35166666666667,2.8716666666666697,human,Homo sapiens,98.35166666666667,pan_troglodytes,Pan troglodytes,95.48,True,False,False,background,p10,True,True,p05,2.9035000000000073
MACROH2A1,kidney,variant,8,5,94.68533333333333,94.64666666666666,1.1868412792880985,92.97,95.87,2.9000000000000057,macaca_mulatta,Macaca mulatta,95.87,bos_taurus,Bos taurus,92.97,True,False,False,background,p10,True,True,p05,2.9035000000000073
H2AZ1,thymus,variant,8,4,98.983125,99.00999999999999,0.575504760333629,98.34,99.5725,1.2325000000000017,human,Homo sapiens,99.5725,pan_troglodytes,Pan troglodytes,98.34,True,False,False,background,p10,True,True,p10,4.018499999999996
H2AJ,metanephros cortex,variant,8,4,96.9825,97.04249999999999,0.6546054791501018,96.14,97.705,1.5649999999999977,human,Homo sapiens,97.705,bos_taurus,Bos taurus,96.14,True,False,False,background,p10,True,True,p10,4.018499999999996
H2AZ1,frontal cortex,variant,8,6,96.9728144078144,97.25999999999999,0.7772342824037527,95.65714285714286,97.695,2.037857142857135,pan_troglodytes,Pan troglodytes,97.695,sus_scrofa,Sus scrofa,95.65714285714286,True,False,False,background,p10,True,True,p10,4.018499999999996
H2AZ1,spleen,variant,8,7,97.28777551020407,96.928,0.8638517983365244,96.28142857142858,98.73666666666666,2.4552380952380872,human,Homo sapiens,98.73666666666666,sus_scrofa,Sus scrofa,96.28142857142858,True,False,False,background,p10,True,True,p10,4.018499999999996
H2AZ1,blood,variant,8,5,96.87774358974359,96.47,1.097572217749493,95.69666666666666,98.18538461538462,2.4887179487179623,human,Homo sapiens,98.18538461538462,equus_caballus,Equus caballus,95.69666666666666,True,False,False,background,p10,True,True,p10,4.018499999999996
H2AZ1,Ammon's horn,variant,8,4,96.84385416666667,97.25770833333334,1.1728128469446155,95.12,97.74,2.6199999999999903,macaca_mulatta,Macaca mulatta,97.74,bos_taurus,Bos taurus,95.12,True,False,False,background,p10,True,True,p10,4.018499999999996
H2AZ1,cortex of kidney,variant,8,4,95.01650000000001,95.253,1.2756837382360906,93.47,96.09,2.6200000000000045,macaca_mulatta,Macaca mulatta,96.09,bos_taurus,Bos taurus,93.47,True,False,False,background,p10,True,True,p10,4.018499999999996
MACROH2A1,retina,variant,8,4,95.5175,95.245,1.230863518023011,94.39,97.19,2.799999999999997,human,Homo sapiens,97.19,bos_taurus,Bos taurus,94.39,True,False,False,background,p10,True,True,p10,4.018499999999996
H2AZ1,lymph node,variant,8,5,97.04233333333335,97.16,1.2973089668832003,95.48,98.35166666666667,2.8716666666666697,human,Homo sapiens,98.35166666666667,pan_troglodytes,Pan troglodytes,95.48,True,False,False,background,p10,True,True,p10,4.018499999999996
MACROH2A1,kidney,variant,8,5,94.68533333333333,94.64666666666666,1.1868412792880985,92.97,95.87,2.9000000000000057,macaca_mulatta,Macaca mulatta,95.87,bos_taurus,Bos taurus,92.97,True,False,False,background,p10,True,True,p10,4.018499999999996
H2AZ2,colon,variant,8,6,96.5062962962963,96.1238888888889,1.258149467394288,95.32,98.23,2.910000000000011,bos_taurus,Bos taurus,98.23,sus_scrofa,Sus scrofa,95.32,True,False,False,background,p10,True,True,p10,4.018499999999996
H2AJ,thymus,variant,8,4,93.77125000000001,93.6525,1.3825241106999433,92.38,95.4,3.0200000000000102,bos_taurus,Bos taurus,95.4,pan_troglodytes,Pan troglodytes,92.38,True,False,False,background,p10,True,True,p10,4.018499999999996
H2AZ1,kidney,variant,8,5,96.60933333333334,96.81,1.2739187136112369,95.09,98.24666666666668,3.1566666666666805,human,Homo sapiens,98.24666666666668,bos_taurus,Bos taurus,95.09,True,False,False,background,p10,True,True,p10,4.018499999999996
H2AX,cerebellar cortex,variant,8,4,86.10425000000001,86.36500000000001,1.485143848251743,84.235,87.452,3.2169999999999987,pan_troglodytes,Pan troglodytes,87.452,mus_musculus,Mus musculus,84.235,True,False,False,background,p10,True,True,p10,4.018499999999996
H2AZ1,cerebral cortex,variant,8,6,97.48599999999999,97.57,1.1508423002305712,95.795,99.1,3.3049999999999926,macaca_mulatta,Macaca mulatta,99.1,bos_taurus,Bos taurus,95.795,True,False,False,background,p10,False,True,p10,4.018499999999996
H2AZ1,brain,variant,8,5,96.73949999999999,97.465,1.5222520323520752,94.69,98.1675,3.4775000000000063,macaca_mulatta,Macaca mulatta,98.1675,bos_taurus,Bos taurus,94.69,True,False,False,background,p10,False,True,p10,4.018499999999996
H2AZ2,uterus,variant,8,4,97.09666666666666,97.21333333333334,1.8319024719309371,95.1,98.86,3.760000000000005,felis_catus,Felis catus,98.86,human,Homo sapiens,95.1,True,False,False,background,p10,False,True,p10,4.018499999999996
H2AZ1,retina,variant,8,4,96.7925,97.24000000000001,1.6891097260588686,94.4,98.29,3.8900000000000006,human,Homo sapiens,98.29,equus_caballus,Equus caballus,94.4,True,False,False,background,p10,False,True,p10,4.018499999999996
H2AX,cortex of kidney,variant,8,4,80.281875,79.69125,1.83717329862119,78.9,82.845,3.944999999999993,pan_troglodytes,Pan troglodytes,82.845,mus_musculus,Mus musculus,78.9,True,False,False,background,p10,False,True,p10,4.018499999999996
