gene_name,tissue,gene_class,panel_family,panel_label,panel_scope,panel_direction,panel_quantile,page,file_png,file_svg
H2AC1,testis,clustered,clustered_p90_panels,clustered p90 panels,clustered,high,0.9,2,CURATED_SET/BioAnalyze/stats/ranking/plots/clustered_p90_panels_page2.png,CURATED_SET/BioAnalyze/stats/ranking/plots/clustered_p90_panels_page2.svg
H2AC14,brain,clustered,clustered_p90_panels,clustered p90 panels,clustered,high,0.9,2,CURATED_SET/BioAnalyze/stats/ranking/plots/clustered_p90_panels_page2.png,CURATED_SET/BioAnalyze/stats/ranking/plots/clustered_p90_panels_page2.svg
H2AC14,cerebral cortex,clustered,clustered_p90_panels,clustered p90 panels,clustered,high,0.9,2,CURATED_SET/BioAnalyze/stats/ranking/plots/clustered_p90_panels_page2.png,CURATED_SET/BioAnalyze/stats/ranking/plots/clustered_p90_panels_page2.svg
H2AC14,testis,clustered,clustered_p90_panels,clustered p90 panels,clustered,high,0.9,1,CURATED_SET/BioAnalyze/stats/ranking/plots/clustered_p90_panels_page1.png,CURATED_SET/BioAnalyze/stats/ranking/plots/clustered_p90_panels_page1.svg
H2AC17,testis,clustered,clustered_p90_panels,clustered p90 panels,clustered,high,0.9,2,CURATED_SET/BioAnalyze/stats/ranking/plots/clustered_p90_panels_page2.png,CURATED_SET/BioAnalyze/stats/ranking/plots/clustered_p90_panels_page2.svg
H2AC19,bone marrow,clustered,clustered_p90_panels,clustered p90 panels,clustered,high,0.9,1,CURATED_SET/BioAnalyze/stats/ranking/plots/clustered_p90_panels_page1.png,CURATED_SET/BioAnalyze/stats/ranking/plots/clustered_p90_panels_page1.svg
H2AC20,prefrontal cortex,clustered,clustered_p90_panels,clustered p90 panels,clustered,high,0.9,3,CURATED_SET/BioAnalyze/stats/ranking/plots/clustered_p90_panels_page3.png,CURATED_SET/BioAnalyze/stats/ranking/plots/clustered_p90_panels_page3.svg
H2AC20,testis,clustered,clustered_p90_panels,clustered p90 panels,clustered,high,0.9,3,CURATED_SET/BioAnalyze/stats/ranking/plots/clustered_p90_panels_page3.png,CURATED_SET/BioAnalyze/stats/ranking/plots/clustered_p90_panels_page3.svg
H2AC21,cerebellum,clustered,clustered_p90_panels,clustered p90 panels,clustered,high,0.9,2,CURATED_SET/BioAnalyze/stats/ranking/plots/clustered_p90_panels_page2.png,CURATED_SET/BioAnalyze/stats/ranking/plots/clustered_p90_panels_page2.svg
H2AC21,cerebral cortex,clustered,clustered_p90_panels,clustered p90 panels,clustered,high,0.9,1,CURATED_SET/BioAnalyze/stats/ranking/plots/clustered_p90_panels_page1.png,CURATED_SET/BioAnalyze/stats/ranking/plots/clustered_p90_panels_page1.svg
H2AC21,colon,clustered,clustered_p90_panels,clustered p90 panels,clustered,high,0.9,2,CURATED_SET/BioAnalyze/stats/ranking/plots/clustered_p90_panels_page2.png,CURATED_SET/BioAnalyze/stats/ranking/plots/clustered_p90_panels_page2.svg
H2AC6,adult mammalian kidney,clustered,clustered_p90_panels,clustered p90 panels,clustered,high,0.9,1,CURATED_SET/BioAnalyze/stats/ranking/plots/clustered_p90_panels_page1.png,CURATED_SET/BioAnalyze/stats/ranking/plots/clustered_p90_panels_page1.svg
H2AC6,prefrontal cortex,clustered,clustered_p90_panels,clustered p90 panels,clustered,high,0.9,1,CURATED_SET/BioAnalyze/stats/ranking/plots/clustered_p90_panels_page1.png,CURATED_SET/BioAnalyze/stats/ranking/plots/clustered_p90_panels_page1.svg
H2AC6,spleen,clustered,clustered_p90_panels,clustered p90 panels,clustered,high,0.9,1,CURATED_SET/BioAnalyze/stats/ranking/plots/clustered_p90_panels_page1.png,CURATED_SET/BioAnalyze/stats/ranking/plots/clustered_p90_panels_page1.svg
H2AJ,brain,variant,variant_p90_panels,variant p90 panels,variant,high,0.9,3,CURATED_SET/BioAnalyze/stats/ranking/plots/variant_p90_panels_page3.png,CURATED_SET/BioAnalyze/stats/ranking/plots/variant_p90_panels_page3.svg
H2AJ,pituitary gland,variant,variant_p90_panels,variant p90 panels,variant,high,0.9,2,CURATED_SET/BioAnalyze/stats/ranking/plots/variant_p90_panels_page2.png,CURATED_SET/BioAnalyze/stats/ranking/plots/variant_p90_panels_page2.svg
H2AJ,testis,variant,variant_p90_panels,variant p90 panels,variant,high,0.9,1,CURATED_SET/BioAnalyze/stats/ranking/plots/variant_p90_panels_page1.png,CURATED_SET/BioAnalyze/stats/ranking/plots/variant_p90_panels_page1.svg
H2AX,adipose tissue,variant,variant_p90_panels,variant p90 panels,variant,high,0.9,1,CURATED_SET/BioAnalyze/stats/ranking/plots/variant_p90_panels_page1.png,CURATED_SET/BioAnalyze/stats/ranking/plots/variant_p90_panels_page1.svg
H2AX,heart left ventricle,variant,variant_p90_panels,variant p90 panels,variant,high,0.9,2,CURATED_SET/BioAnalyze/stats/ranking/plots/variant_p90_panels_page2.png,CURATED_SET/BioAnalyze/stats/ranking/plots/variant_p90_panels_page2.svg
H2AX,hypothalamus,variant,variant_p90_panels,variant p90 panels,variant,high,0.9,2,CURATED_SET/BioAnalyze/stats/ranking/plots/variant_p90_panels_page2.png,CURATED_SET/BioAnalyze/stats/ranking/plots/variant_p90_panels_page2.svg
H2AX,lymph node,variant,variant_p90_panels,variant p90 panels,variant,high,0.9,1,CURATED_SET/BioAnalyze/stats/ranking/plots/variant_p90_panels_page1.png,CURATED_SET/BioAnalyze/stats/ranking/plots/variant_p90_panels_page1.svg
H2AX,pituitary gland,variant,variant_p90_panels,variant p90 panels,variant,high,0.9,3,CURATED_SET/BioAnalyze/stats/ranking/plots/variant_p90_panels_page3.png,CURATED_SET/BioAnalyze/stats/ranking/plots/variant_p90_panels_page3.svg
MACROH2A2,adult mammalian kidney,variant,variant_p90_panels,variant p90 panels,variant,high,0.9,3,CURATED_SET/BioAnalyze/stats/ranking/plots/variant_p90_panels_page3.png,CURATED_SET/BioAnalyze/stats/ranking/plots/variant_p90_panels_page3.svg
MACROH2A2,kidney,variant,variant_p90_panels,variant p90 panels,variant,high,0.9,2,CURATED_SET/BioAnalyze/stats/ranking/plots/variant_p90_panels_page2.png,CURATED_SET/BioAnalyze/stats/ranking/plots/variant_p90_panels_page2.svg
MACROH2A2,liver,variant,variant_p90_panels,variant p90 panels,variant,high,0.9,2,CURATED_SET/BioAnalyze/stats/ranking/plots/variant_p90_panels_page2.png,CURATED_SET/BioAnalyze/stats/ranking/plots/variant_p90_panels_page2.svg
MACROH2A2,lung,variant,variant_p90_panels,variant p90 panels,variant,high,0.9,1,CURATED_SET/BioAnalyze/stats/ranking/plots/variant_p90_panels_page1.png,CURATED_SET/BioAnalyze/stats/ranking/plots/variant_p90_panels_page1.svg
MACROH2A2,muscle tissue,variant,variant_p90_panels,variant p90 panels,variant,high,0.9,2,CURATED_SET/BioAnalyze/stats/ranking/plots/variant_p90_panels_page2.png,CURATED_SET/BioAnalyze/stats/ranking/plots/variant_p90_panels_page2.svg
MACROH2A2,pituitary gland,variant,variant_p90_panels,variant p90 panels,variant,high,0.9,3,CURATED_SET/BioAnalyze/stats/ranking/plots/variant_p90_panels_page3.png,CURATED_SET/BioAnalyze/stats/ranking/plots/variant_p90_panels_page3.svg
MACROH2A2,skeletal muscle tissue,variant,variant_p90_panels,variant p90 panels,variant,high,0.9,3,CURATED_SET/BioAnalyze/stats/ranking/plots/variant_p90_panels_page3.png,CURATED_SET/BioAnalyze/stats/ranking/plots/variant_p90_panels_page3.svg
MACROH2A2,spleen,variant,variant_p90_panels,variant p90 panels,variant,high,0.9,3,CURATED_SET/BioAnalyze/stats/ranking/plots/variant_p90_panels_page3.png,CURATED_SET/BioAnalyze/stats/ranking/plots/variant_p90_panels_page3.svg
MACROH2A2,testis,variant,variant_p90_panels,variant p90 panels,variant,high,0.9,1,CURATED_SET/BioAnalyze/stats/ranking/plots/variant_p90_panels_page1.png,CURATED_SET/BioAnalyze/stats/ranking/plots/variant_p90_panels_page1.svg
MACROH2A2,zone of skin,variant,variant_p90_panels,variant p90 panels,variant,high,0.9,1,CURATED_SET/BioAnalyze/stats/ranking/plots/variant_p90_panels_page1.png,CURATED_SET/BioAnalyze/stats/ranking/plots/variant_p90_panels_page1.svg
H2AC14,testis,clustered,clustered_p95_panels,clustered p95 panels,clustered,high,0.95,1,CURATED_SET/BioAnalyze/stats/ranking/plots/clustered_p95_panels_page1.png,CURATED_SET/BioAnalyze/stats/ranking/plots/clustered_p95_panels_page1.svg
H2AC19,bone marrow,clustered,clustered_p95_panels,clustered p95 panels,clustered,high,0.95,1,CURATED_SET/BioAnalyze/stats/ranking/plots/clustered_p95_panels_page1.png,CURATED_SET/BioAnalyze/stats/ranking/plots/clustered_p95_panels_page1.svg
H2AC21,cerebral cortex,clustered,clustered_p95_panels,clustered p95 panels,clustered,high,0.95,1,CURATED_SET/BioAnalyze/stats/ranking/plots/clustered_p95_panels_page1.png,CURATED_SET/BioAnalyze/stats/ranking/plots/clustered_p95_panels_page1.svg
H2AC21,colon,clustered,clustered_p95_panels,clustered p95 panels,clustered,high,0.95,2,CURATED_SET/BioAnalyze/stats/ranking/plots/clustered_p95_panels_page2.png,CURATED_SET/BioAnalyze/stats/ranking/plots/clustered_p95_panels_page2.svg
H2AC6,adult mammalian kidney,clustered,clustered_p95_panels,clustered p95 panels,clustered,high,0.95,1,CURATED_SET/BioAnalyze/stats/ranking/plots/clustered_p95_panels_page1.png,CURATED_SET/BioAnalyze/stats/ranking/plots/clustered_p95_panels_page1.svg
H2AC6,prefrontal cortex,clustered,clustered_p95_panels,clustered p95 panels,clustered,high,0.95,1,CURATED_SET/BioAnalyze/stats/ranking/plots/clustered_p95_panels_page1.png,CURATED_SET/BioAnalyze/stats/ranking/plots/clustered_p95_panels_page1.svg
H2AC6,spleen,clustered,clustered_p95_panels,clustered p95 panels,clustered,high,0.95,1,CURATED_SET/BioAnalyze/stats/ranking/plots/clustered_p95_panels_page1.png,CURATED_SET/BioAnalyze/stats/ranking/plots/clustered_p95_panels_page1.svg
H2AJ,pituitary gland,variant,variant_p95_panels,variant p95 panels,variant,high,0.95,2,CURATED_SET/BioAnalyze/stats/ranking/plots/variant_p95_panels_page2.png,CURATED_SET/BioAnalyze/stats/ranking/plots/variant_p95_panels_page2.svg
H2AJ,testis,variant,variant_p95_panels,variant p95 panels,variant,high,0.95,1,CURATED_SET/BioAnalyze/stats/ranking/plots/variant_p95_panels_page1.png,CURATED_SET/BioAnalyze/stats/ranking/plots/variant_p95_panels_page1.svg
H2AX,adipose tissue,variant,variant_p95_panels,variant p95 panels,variant,high,0.95,1,CURATED_SET/BioAnalyze/stats/ranking/plots/variant_p95_panels_page1.png,CURATED_SET/BioAnalyze/stats/ranking/plots/variant_p95_panels_page1.svg
H2AX,heart left ventricle,variant,variant_p95_panels,variant p95 panels,variant,high,0.95,2,CURATED_SET/BioAnalyze/stats/ranking/plots/variant_p95_panels_page2.png,CURATED_SET/BioAnalyze/stats/ranking/plots/variant_p95_panels_page2.svg
H2AX,hypothalamus,variant,variant_p95_panels,variant p95 panels,variant,high,0.95,2,CURATED_SET/BioAnalyze/stats/ranking/plots/variant_p95_panels_page2.png,CURATED_SET/BioAnalyze/stats/ranking/plots/variant_p95_panels_page2.svg
H2AX,lymph node,variant,variant_p95_panels,variant p95 panels,variant,high,0.95,1,CURATED_SET/BioAnalyze/stats/ranking/plots/variant_p95_panels_page1.png,CURATED_SET/BioAnalyze/stats/ranking/plots/variant_p95_panels_page1.svg
MACROH2A2,lung,variant,variant_p95_panels,variant p95 panels,variant,high,0.95,1,CURATED_SET/BioAnalyze/stats/ranking/plots/variant_p95_panels_page1.png,CURATED_SET/BioAnalyze/stats/ranking/plots/variant_p95_panels_page1.svg
MACROH2A2,testis,variant,variant_p95_panels,variant p95 panels,variant,high,0.95,1,CURATED_SET/BioAnalyze/stats/ranking/plots/variant_p95_panels_page1.png,CURATED_SET/BioAnalyze/stats/ranking/plots/variant_p95_panels_page1.svg
MACROH2A2,zone of skin,variant,variant_p95_panels,variant p95 panels,variant,high,0.95,1,CURATED_SET/BioAnalyze/stats/ranking/plots/variant_p95_panels_page1.png,CURATED_SET/BioAnalyze/stats/ranking/plots/variant_p95_panels_page1.svg
H2AC11,cerebral cortex,clustered,clustered_p05_low_panels,clustered p05 low panels,clustered,low,0.05,1,CURATED_SET/BioAnalyze/stats/ranking/plots/clustered_p05_low_panels_page1.png,CURATED_SET/BioAnalyze/stats/ranking/plots/clustered_p05_low_panels_page1.svg
H2AC12,liver,clustered,clustered_p05_low_panels,clustered p05 low panels,clustered,low,0.05,1,CURATED_SET/BioAnalyze/stats/ranking/plots/clustered_p05_low_panels_page1.png,CURATED_SET/BioAnalyze/stats/ranking/plots/clustered_p05_low_panels_page1.svg
H2AC13,colon,clustered,clustered_p05_low_panels,clustered p05 low panels,clustered,low,0.05,1,CURATED_SET/BioAnalyze/stats/ranking/plots/clustered_p05_low_panels_page1.png,CURATED_SET/BioAnalyze/stats/ranking/plots/clustered_p05_low_panels_page1.svg
H2AC13,muscle tissue,clustered,clustered_p05_low_panels,clustered p05 low panels,clustered,low,0.05,1,CURATED_SET/BioAnalyze/stats/ranking/plots/clustered_p05_low_panels_page1.png,CURATED_SET/BioAnalyze/stats/ranking/plots/clustered_p05_low_panels_page1.svg
H2AC21,blood,clustered,clustered_p05_low_panels,clustered p05 low panels,clustered,low,0.05,1,CURATED_SET/BioAnalyze/stats/ranking/plots/clustered_p05_low_panels_page1.png,CURATED_SET/BioAnalyze/stats/ranking/plots/clustered_p05_low_panels_page1.svg
H2AC6,skeletal muscle tissue,clustered,clustered_p05_low_panels,clustered p05 low panels,clustered,low,0.05,2,CURATED_SET/BioAnalyze/stats/ranking/plots/clustered_p05_low_panels_page2.png,CURATED_SET/BioAnalyze/stats/ranking/plots/clustered_p05_low_panels_page2.svg
H2AC8,cortex of kidney,clustered,clustered_p05_low_panels,clustered p05 low panels,clustered,low,0.05,1,CURATED_SET/BioAnalyze/stats/ranking/plots/clustered_p05_low_panels_page1.png,CURATED_SET/BioAnalyze/stats/ranking/plots/clustered_p05_low_panels_page1.svg
H2AJ,metanephros cortex,variant,global_p05_low_panels,global p05 low panels,global,low,0.05,1,CURATED_SET/BioAnalyze/stats/ranking/plots/global_p05_low_panels_page1.png,CURATED_SET/BioAnalyze/stats/ranking/plots/global_p05_low_panels_page1.svg
H2AJ,thymus,variant,global_p05_low_panels,global p05 low panels,global,low,0.05,2,CURATED_SET/BioAnalyze/stats/ranking/plots/global_p05_low_panels_page2.png,CURATED_SET/BioAnalyze/stats/ranking/plots/global_p05_low_panels_page2.svg
H2AX,cerebellar cortex,variant,global_p05_low_panels,global p05 low panels,global,low,0.05,3,CURATED_SET/BioAnalyze/stats/ranking/plots/global_p05_low_panels_page3.png,CURATED_SET/BioAnalyze/stats/ranking/plots/global_p05_low_panels_page3.svg
H2AZ1,Ammon's horn,variant,global_p05_low_panels,global p05 low panels,global,low,0.05,1,CURATED_SET/BioAnalyze/stats/ranking/plots/global_p05_low_panels_page1.png,CURATED_SET/BioAnalyze/stats/ranking/plots/global_p05_low_panels_page1.svg
H2AZ1,blood,variant,global_p05_low_panels,global p05 low panels,global,low,0.05,1,CURATED_SET/BioAnalyze/stats/ranking/plots/global_p05_low_panels_page1.png,CURATED_SET/BioAnalyze/stats/ranking/plots/global_p05_low_panels_page1.svg
H2AZ1,brain,variant,global_p05_low_panels,global p05 low panels,global,low,0.05,3,CURATED_SET/BioAnalyze/stats/ranking/plots/global_p05_low_panels_page3.png,CURATED_SET/BioAnalyze/stats/ranking/plots/global_p05_low_panels_page3.svg
H2AZ1,cerebral cortex,variant,global_p05_low_panels,global p05 low panels,global,low,0.05,3,CURATED_SET/BioAnalyze/stats/ranking/plots/global_p05_low_panels_page3.png,CURATED_SET/BioAnalyze/stats/ranking/plots/global_p05_low_panels_page3.svg
H2AZ1,cortex of kidney,variant,global_p05_low_panels,global p05 low panels,global,low,0.05,2,CURATED_SET/BioAnalyze/stats/ranking/plots/global_p05_low_panels_page2.png,CURATED_SET/BioAnalyze/stats/ranking/plots/global_p05_low_panels_page2.svg
H2AZ1,frontal cortex,variant,global_p05_low_panels,global p05 low panels,global,low,0.05,1,CURATED_SET/BioAnalyze/stats/ranking/plots/global_p05_low_panels_page1.png,CURATED_SET/BioAnalyze/stats/ranking/plots/global_p05_low_panels_page1.svg
H2AZ1,kidney,variant,global_p05_low_panels,global p05 low panels,global,low,0.05,3,CURATED_SET/BioAnalyze/stats/ranking/plots/global_p05_low_panels_page3.png,CURATED_SET/BioAnalyze/stats/ranking/plots/global_p05_low_panels_page3.svg
H2AZ1,lymph node,variant,global_p05_low_panels,global p05 low panels,global,low,0.05,2,CURATED_SET/BioAnalyze/stats/ranking/plots/global_p05_low_panels_page2.png,CURATED_SET/BioAnalyze/stats/ranking/plots/global_p05_low_panels_page2.svg
H2AZ1,spleen,variant,global_p05_low_panels,global p05 low panels,global,low,0.05,1,CURATED_SET/BioAnalyze/stats/ranking/plots/global_p05_low_panels_page1.png,CURATED_SET/BioAnalyze/stats/ranking/plots/global_p05_low_panels_page1.svg
H2AZ1,thymus,variant,global_p05_low_panels,global p05 low panels,global,low,0.05,1,CURATED_SET/BioAnalyze/stats/ranking/plots/global_p05_low_panels_page1.png,CURATED_SET/BioAnalyze/stats/ranking/plots/global_p05_low_panels_page1.svg
H2AZ2,colon,variant,global_p05_low_panels,global p05 low panels,global,low,0.05,2,CURATED_SET/BioAnalyze/stats/ranking/plots/global_p05_low_panels_page2.png,CURATED_SET/BioAnalyze/stats/ranking/plots/global_p05_low_panels_page2.svg
MACROH2A1,kidney,variant,global_p05_low_panels,global p05 low panels,global,low,0.05,2,CURATED_SET/BioAnalyze/stats/ranking/plots/global_p05_low_panels_page2.png,CURATED_SET/BioAnalyze/stats/ranking/plots/global_p05_low_panels_page2.svg
MACROH2A1,retina,variant,global_p05_low_panels,global p05 low panels,global,low,0.05,2,CURATED_SET/BioAnalyze/stats/ranking/plots/global_p05_low_panels_page2.png,CURATED_SET/BioAnalyze/stats/ranking/plots/global_p05_low_panels_page2.svg
H2AJ,metanephros cortex,variant,variant_p05_low_panels,variant p05 low panels,variant,low,0.05,1,CURATED_SET/BioAnalyze/stats/ranking/plots/variant_p05_low_panels_page1.png,CURATED_SET/BioAnalyze/stats/ranking/plots/variant_p05_low_panels_page1.svg
H2AZ1,Ammon's horn,variant,variant_p05_low_panels,variant p05 low panels,variant,low,0.05,1,CURATED_SET/BioAnalyze/stats/ranking/plots/variant_p05_low_panels_page1.png,CURATED_SET/BioAnalyze/stats/ranking/plots/variant_p05_low_panels_page1.svg
H2AZ1,blood,variant,variant_p05_low_panels,variant p05 low panels,variant,low,0.05,1,CURATED_SET/BioAnalyze/stats/ranking/plots/variant_p05_low_panels_page1.png,CURATED_SET/BioAnalyze/stats/ranking/plots/variant_p05_low_panels_page1.svg
H2AZ1,cortex of kidney,variant,variant_p05_low_panels,variant p05 low panels,variant,low,0.05,2,CURATED_SET/BioAnalyze/stats/ranking/plots/variant_p05_low_panels_page2.png,CURATED_SET/BioAnalyze/stats/ranking/plots/variant_p05_low_panels_page2.svg
H2AZ1,frontal cortex,variant,variant_p05_low_panels,variant p05 low panels,variant,low,0.05,1,CURATED_SET/BioAnalyze/stats/ranking/plots/variant_p05_low_panels_page1.png,CURATED_SET/BioAnalyze/stats/ranking/plots/variant_p05_low_panels_page1.svg
H2AZ1,lymph node,variant,variant_p05_low_panels,variant p05 low panels,variant,low,0.05,2,CURATED_SET/BioAnalyze/stats/ranking/plots/variant_p05_low_panels_page2.png,CURATED_SET/BioAnalyze/stats/ranking/plots/variant_p05_low_panels_page2.svg
H2AZ1,spleen,variant,variant_p05_low_panels,variant p05 low panels,variant,low,0.05,1,CURATED_SET/BioAnalyze/stats/ranking/plots/variant_p05_low_panels_page1.png,CURATED_SET/BioAnalyze/stats/ranking/plots/variant_p05_low_panels_page1.svg
H2AZ1,thymus,variant,variant_p05_low_panels,variant p05 low panels,variant,low,0.05,1,CURATED_SET/BioAnalyze/stats/ranking/plots/variant_p05_low_panels_page1.png,CURATED_SET/BioAnalyze/stats/ranking/plots/variant_p05_low_panels_page1.svg
MACROH2A1,retina,variant,variant_p05_low_panels,variant p05 low panels,variant,low,0.05,2,CURATED_SET/BioAnalyze/stats/ranking/plots/variant_p05_low_panels_page2.png,CURATED_SET/BioAnalyze/stats/ranking/plots/variant_p05_low_panels_page2.svg
H2AC1,adult mammalian kidney,clustered,clustered_p10_low_panels,clustered p10 low panels,clustered,low,0.1,3,CURATED_SET/BioAnalyze/stats/ranking/plots/clustered_p10_low_panels_page3.png,CURATED_SET/BioAnalyze/stats/ranking/plots/clustered_p10_low_panels_page3.svg
H2AC11,cerebral cortex,clustered,clustered_p10_low_panels,clustered p10 low panels,clustered,low,0.1,1,CURATED_SET/BioAnalyze/stats/ranking/plots/clustered_p10_low_panels_page1.png,CURATED_SET/BioAnalyze/stats/ranking/plots/clustered_p10_low_panels_page1.svg
H2AC11,spleen,clustered,clustered_p10_low_panels,clustered p10 low panels,clustered,low,0.1,2,CURATED_SET/BioAnalyze/stats/ranking/plots/clustered_p10_low_panels_page2.png,CURATED_SET/BioAnalyze/stats/ranking/plots/clustered_p10_low_panels_page2.svg
H2AC12,liver,clustered,clustered_p10_low_panels,clustered p10 low panels,clustered,low,0.1,1,CURATED_SET/BioAnalyze/stats/ranking/plots/clustered_p10_low_panels_page1.png,CURATED_SET/BioAnalyze/stats/ranking/plots/clustered_p10_low_panels_page1.svg
H2AC13,colon,clustered,clustered_p10_low_panels,clustered p10 low panels,clustered,low,0.1,1,CURATED_SET/BioAnalyze/stats/ranking/plots/clustered_p10_low_panels_page1.png,CURATED_SET/BioAnalyze/stats/ranking/plots/clustered_p10_low_panels_page1.svg
H2AC13,muscle tissue,clustered,clustered_p10_low_panels,clustered p10 low panels,clustered,low,0.1,1,CURATED_SET/BioAnalyze/stats/ranking/plots/clustered_p10_low_panels_page1.png,CURATED_SET/BioAnalyze/stats/ranking/plots/clustered_p10_low_panels_page1.svg
H2AC15,liver,clustered,clustered_p10_low_panels,clustered p10 low panels,clustered,low,0.1,2,CURATED_SET/BioAnalyze/stats/ranking/plots/clustered_p10_low_panels_page2.png,CURATED_SET/BioAnalyze/stats/ranking/plots/clustered_p10_low_panels_page2.svg
H2AC21,blood,clustered,clustered_p10_low_panels,clustered p10 low panels,clustered,low,0.1,1,CURATED_SET/BioAnalyze/stats/ranking/plots/clustered_p10_low_panels_page1.png,CURATED_SET/BioAnalyze/stats/ranking/plots/clustered_p10_low_panels_page1.svg
H2AC21,prefrontal cortex,clustered,clustered_p10_low_panels,clustered p10 low panels,clustered,low,0.1,2,CURATED_SET/BioAnalyze/stats/ranking/plots/clustered_p10_low_panels_page2.png,CURATED_SET/BioAnalyze/stats/ranking/plots/clustered_p10_low_panels_page2.svg
H2AC6,skeletal muscle tissue,clustered,clustered_p10_low_panels,clustered p10 low panels,clustered,low,0.1,2,CURATED_SET/BioAnalyze/stats/ranking/plots/clustered_p10_low_panels_page2.png,CURATED_SET/BioAnalyze/stats/ranking/plots/clustered_p10_low_panels_page2.svg
H2AC7,adult mammalian kidney,clustered,clustered_p10_low_panels,clustered p10 low panels,clustered,low,0.1,3,CURATED_SET/BioAnalyze/stats/ranking/plots/clustered_p10_low_panels_page3.png,CURATED_SET/BioAnalyze/stats/ranking/plots/clustered_p10_low_panels_page3.svg
H2AC7,liver,clustered,clustered_p10_low_panels,clustered p10 low panels,clustered,low,0.1,2,CURATED_SET/BioAnalyze/stats/ranking/plots/clustered_p10_low_panels_page2.png,CURATED_SET/BioAnalyze/stats/ranking/plots/clustered_p10_low_panels_page2.svg
H2AC7,spleen,clustered,clustered_p10_low_panels,clustered p10 low panels,clustered,low,0.1,2,CURATED_SET/BioAnalyze/stats/ranking/plots/clustered_p10_low_panels_page2.png,CURATED_SET/BioAnalyze/stats/ranking/plots/clustered_p10_low_panels_page2.svg
H2AC8,cortex of kidney,clustered,clustered_p10_low_panels,clustered p10 low panels,clustered,low,0.1,1,CURATED_SET/BioAnalyze/stats/ranking/plots/clustered_p10_low_panels_page1.png,CURATED_SET/BioAnalyze/stats/ranking/plots/clustered_p10_low_panels_page1.svg
H2AJ,hypothalamus,variant,global_p10_low_panels,global p10 low panels,global,low,0.1,5,CURATED_SET/BioAnalyze/stats/ranking/plots/global_p10_low_panels_page5.png,CURATED_SET/BioAnalyze/stats/ranking/plots/global_p10_low_panels_page5.svg
H2AJ,metanephros cortex,variant,global_p10_low_panels,global p10 low panels,global,low,0.1,1,CURATED_SET/BioAnalyze/stats/ranking/plots/global_p10_low_panels_page1.png,CURATED_SET/BioAnalyze/stats/ranking/plots/global_p10_low_panels_page1.svg
H2AJ,thymus,variant,global_p10_low_panels,global p10 low panels,global,low,0.1,2,CURATED_SET/BioAnalyze/stats/ranking/plots/global_p10_low_panels_page2.png,CURATED_SET/BioAnalyze/stats/ranking/plots/global_p10_low_panels_page2.svg
H2AX,cerebellar cortex,variant,global_p10_low_panels,global p10 low panels,global,low,0.1,3,CURATED_SET/BioAnalyze/stats/ranking/plots/global_p10_low_panels_page3.png,CURATED_SET/BioAnalyze/stats/ranking/plots/global_p10_low_panels_page3.svg
H2AX,cortex of kidney,variant,global_p10_low_panels,global p10 low panels,global,low,0.1,4,CURATED_SET/BioAnalyze/stats/ranking/plots/global_p10_low_panels_page4.png,CURATED_SET/BioAnalyze/stats/ranking/plots/global_p10_low_panels_page4.svg
H2AZ1,Ammon's horn,variant,global_p10_low_panels,global p10 low panels,global,low,0.1,1,CURATED_SET/BioAnalyze/stats/ranking/plots/global_p10_low_panels_page1.png,CURATED_SET/BioAnalyze/stats/ranking/plots/global_p10_low_panels_page1.svg
H2AZ1,blood,variant,global_p10_low_panels,global p10 low panels,global,low,0.1,1,CURATED_SET/BioAnalyze/stats/ranking/plots/global_p10_low_panels_page1.png,CURATED_SET/BioAnalyze/stats/ranking/plots/global_p10_low_panels_page1.svg
H2AZ1,brain,variant,global_p10_low_panels,global p10 low panels,global,low,0.1,3,CURATED_SET/BioAnalyze/stats/ranking/plots/global_p10_low_panels_page3.png,CURATED_SET/BioAnalyze/stats/ranking/plots/global_p10_low_panels_page3.svg
H2AZ1,cerebral cortex,variant,global_p10_low_panels,global p10 low panels,global,low,0.1,3,CURATED_SET/BioAnalyze/stats/ranking/plots/global_p10_low_panels_page3.png,CURATED_SET/BioAnalyze/stats/ranking/plots/global_p10_low_panels_page3.svg
H2AZ1,colon,variant,global_p10_low_panels,global p10 low panels,global,low,0.1,5,CURATED_SET/BioAnalyze/stats/ranking/plots/global_p10_low_panels_page5.png,CURATED_SET/BioAnalyze/stats/ranking/plots/global_p10_low_panels_page5.svg
H2AZ1,cortex of kidney,variant,global_p10_low_panels,global p10 low panels,global,low,0.1,2,CURATED_SET/BioAnalyze/stats/ranking/plots/global_p10_low_panels_page2.png,CURATED_SET/BioAnalyze/stats/ranking/plots/global_p10_low_panels_page2.svg
H2AZ1,frontal cortex,variant,global_p10_low_panels,global p10 low panels,global,low,0.1,1,CURATED_SET/BioAnalyze/stats/ranking/plots/global_p10_low_panels_page1.png,CURATED_SET/BioAnalyze/stats/ranking/plots/global_p10_low_panels_page1.svg
H2AZ1,kidney,variant,global_p10_low_panels,global p10 low panels,global,low,0.1,3,CURATED_SET/BioAnalyze/stats/ranking/plots/global_p10_low_panels_page3.png,CURATED_SET/BioAnalyze/stats/ranking/plots/global_p10_low_panels_page3.svg
H2AZ1,lung,variant,global_p10_low_panels,global p10 low panels,global,low,0.1,5,CURATED_SET/BioAnalyze/stats/ranking/plots/global_p10_low_panels_page5.png,CURATED_SET/BioAnalyze/stats/ranking/plots/global_p10_low_panels_page5.svg
H2AZ1,lymph node,variant,global_p10_low_panels,global p10 low panels,global,low,0.1,2,CURATED_SET/BioAnalyze/stats/ranking/plots/global_p10_low_panels_page2.png,CURATED_SET/BioAnalyze/stats/ranking/plots/global_p10_low_panels_page2.svg
H2AZ1,pituitary gland,variant,global_p10_low_panels,global p10 low panels,global,low,0.1,4,CURATED_SET/BioAnalyze/stats/ranking/plots/global_p10_low_panels_page4.png,CURATED_SET/BioAnalyze/stats/ranking/plots/global_p10_low_panels_page4.svg
H2AZ1,prefrontal cortex,variant,global_p10_low_panels,global p10 low panels,global,low,0.1,5,CURATED_SET/BioAnalyze/stats/ranking/plots/global_p10_low_panels_page5.png,CURATED_SET/BioAnalyze/stats/ranking/plots/global_p10_low_panels_page5.svg
H2AZ1,retina,variant,global_p10_low_panels,global p10 low panels,global,low,0.1,3,CURATED_SET/BioAnalyze/stats/ranking/plots/global_p10_low_panels_page3.png,CURATED_SET/BioAnalyze/stats/ranking/plots/global_p10_low_panels_page3.svg
H2AZ1,skeletal muscle tissue,variant,global_p10_low_panels,global p10 low panels,global,low,0.1,5,CURATED_SET/BioAnalyze/stats/ranking/plots/global_p10_low_panels_page5.png,CURATED_SET/BioAnalyze/stats/ranking/plots/global_p10_low_panels_page5.svg
H2AZ1,spleen,variant,global_p10_low_panels,global p10 low panels,global,low,0.1,1,CURATED_SET/BioAnalyze/stats/ranking/plots/global_p10_low_panels_page1.png,CURATED_SET/BioAnalyze/stats/ranking/plots/global_p10_low_panels_page1.svg
H2AZ1,thymus,variant,global_p10_low_panels,global p10 low panels,global,low,0.1,1,CURATED_SET/BioAnalyze/stats/ranking/plots/global_p10_low_panels_page1.png,CURATED_SET/BioAnalyze/stats/ranking/plots/global_p10_low_panels_page1.svg
H2AZ2,colon,variant,global_p10_low_panels,global p10 low panels,global,low,0.1,2,CURATED_SET/BioAnalyze/stats/ranking/plots/global_p10_low_panels_page2.png,CURATED_SET/BioAnalyze/stats/ranking/plots/global_p10_low_panels_page2.svg
H2AZ2,hypothalamus,variant,global_p10_low_panels,global p10 low panels,global,low,0.1,4,CURATED_SET/BioAnalyze/stats/ranking/plots/global_p10_low_panels_page4.png,CURATED_SET/BioAnalyze/stats/ranking/plots/global_p10_low_panels_page4.svg
H2AZ2,kidney,variant,global_p10_low_panels,global p10 low panels,global,low,0.1,4,CURATED_SET/BioAnalyze/stats/ranking/plots/global_p10_low_panels_page4.png,CURATED_SET/BioAnalyze/stats/ranking/plots/global_p10_low_panels_page4.svg
H2AZ2,uterus,variant,global_p10_low_panels,global p10 low panels,global,low,0.1,3,CURATED_SET/BioAnalyze/stats/ranking/plots/global_p10_low_panels_page3.png,CURATED_SET/BioAnalyze/stats/ranking/plots/global_p10_low_panels_page3.svg
MACROH2A1,cortex of kidney,variant,global_p10_low_panels,global p10 low panels,global,low,0.1,4,CURATED_SET/BioAnalyze/stats/ranking/plots/global_p10_low_panels_page4.png,CURATED_SET/BioAnalyze/stats/ranking/plots/global_p10_low_panels_page4.svg
MACROH2A1,kidney,variant,global_p10_low_panels,global p10 low panels,global,low,0.1,2,CURATED_SET/BioAnalyze/stats/ranking/plots/global_p10_low_panels_page2.png,CURATED_SET/BioAnalyze/stats/ranking/plots/global_p10_low_panels_page2.svg
MACROH2A1,metanephros cortex,variant,global_p10_low_panels,global p10 low panels,global,low,0.1,4,CURATED_SET/BioAnalyze/stats/ranking/plots/global_p10_low_panels_page4.png,CURATED_SET/BioAnalyze/stats/ranking/plots/global_p10_low_panels_page4.svg
MACROH2A1,pituitary gland,variant,global_p10_low_panels,global p10 low panels,global,low,0.1,6,CURATED_SET/BioAnalyze/stats/ranking/plots/global_p10_low_panels_page6.png,CURATED_SET/BioAnalyze/stats/ranking/plots/global_p10_low_panels_page6.svg
MACROH2A1,retina,variant,global_p10_low_panels,global p10 low panels,global,low,0.1,2,CURATED_SET/BioAnalyze/stats/ranking/plots/global_p10_low_panels_page2.png,CURATED_SET/BioAnalyze/stats/ranking/plots/global_p10_low_panels_page2.svg
MACROH2A1,uterus,variant,global_p10_low_panels,global p10 low panels,global,low,0.1,5,CURATED_SET/BioAnalyze/stats/ranking/plots/global_p10_low_panels_page5.png,CURATED_SET/BioAnalyze/stats/ranking/plots/global_p10_low_panels_page5.svg
H2AJ,metanephros cortex,variant,variant_p10_low_panels,variant p10 low panels,variant,low,0.1,1,CURATED_SET/BioAnalyze/stats/ranking/plots/variant_p10_low_panels_page1.png,CURATED_SET/BioAnalyze/stats/ranking/plots/variant_p10_low_panels_page1.svg
H2AJ,thymus,variant,variant_p10_low_panels,variant p10 low panels,variant,low,0.1,2,CURATED_SET/BioAnalyze/stats/ranking/plots/variant_p10_low_panels_page2.png,CURATED_SET/BioAnalyze/stats/ranking/plots/variant_p10_low_panels_page2.svg
H2AX,cerebellar cortex,variant,variant_p10_low_panels,variant p10 low panels,variant,low,0.1,3,CURATED_SET/BioAnalyze/stats/ranking/plots/variant_p10_low_panels_page3.png,CURATED_SET/BioAnalyze/stats/ranking/plots/variant_p10_low_panels_page3.svg
H2AZ1,Ammon's horn,variant,variant_p10_low_panels,variant p10 low panels,variant,low,0.1,1,CURATED_SET/BioAnalyze/stats/ranking/plots/variant_p10_low_panels_page1.png,CURATED_SET/BioAnalyze/stats/ranking/plots/variant_p10_low_panels_page1.svg
H2AZ1,blood,variant,variant_p10_low_panels,variant p10 low panels,variant,low,0.1,1,CURATED_SET/BioAnalyze/stats/ranking/plots/variant_p10_low_panels_page1.png,CURATED_SET/BioAnalyze/stats/ranking/plots/variant_p10_low_panels_page1.svg
H2AZ1,brain,variant,variant_p10_low_panels,variant p10 low panels,variant,low,0.1,3,CURATED_SET/BioAnalyze/stats/ranking/plots/variant_p10_low_panels_page3.png,CURATED_SET/BioAnalyze/stats/ranking/plots/variant_p10_low_panels_page3.svg
H2AZ1,cerebral cortex,variant,variant_p10_low_panels,variant p10 low panels,variant,low,0.1,3,CURATED_SET/BioAnalyze/stats/ranking/plots/variant_p10_low_panels_page3.png,CURATED_SET/BioAnalyze/stats/ranking/plots/variant_p10_low_panels_page3.svg
H2AZ1,cortex of kidney,variant,variant_p10_low_panels,variant p10 low panels,variant,low,0.1,2,CURATED_SET/BioAnalyze/stats/ranking/plots/variant_p10_low_panels_page2.png,CURATED_SET/BioAnalyze/stats/ranking/plots/variant_p10_low_panels_page2.svg
H2AZ1,frontal cortex,variant,variant_p10_low_panels,variant p10 low panels,variant,low,0.1,1,CURATED_SET/BioAnalyze/stats/ranking/plots/variant_p10_low_panels_page1.png,CURATED_SET/BioAnalyze/stats/ranking/plots/variant_p10_low_panels_page1.svg
H2AZ1,kidney,variant,variant_p10_low_panels,variant p10 low panels,variant,low,0.1,3,CURATED_SET/BioAnalyze/stats/ranking/plots/variant_p10_low_panels_page3.png,CURATED_SET/BioAnalyze/stats/ranking/plots/variant_p10_low_panels_page3.svg
H2AZ1,lymph node,variant,variant_p10_low_panels,variant p10 low panels,variant,low,0.1,2,CURATED_SET/BioAnalyze/stats/ranking/plots/variant_p10_low_panels_page2.png,CURATED_SET/BioAnalyze/stats/ranking/plots/variant_p10_low_panels_page2.svg
H2AZ1,retina,variant,variant_p10_low_panels,variant p10 low panels,variant,low,0.1,3,CURATED_SET/BioAnalyze/stats/ranking/plots/variant_p10_low_panels_page3.png,CURATED_SET/BioAnalyze/stats/ranking/plots/variant_p10_low_panels_page3.svg
H2AZ1,spleen,variant,variant_p10_low_panels,variant p10 low panels,variant,low,0.1,1,CURATED_SET/BioAnalyze/stats/ranking/plots/variant_p10_low_panels_page1.png,CURATED_SET/BioAnalyze/stats/ranking/plots/variant_p10_low_panels_page1.svg
H2AZ1,thymus,variant,variant_p10_low_panels,variant p10 low panels,variant,low,0.1,1,CURATED_SET/BioAnalyze/stats/ranking/plots/variant_p10_low_panels_page1.png,CURATED_SET/BioAnalyze/stats/ranking/plots/variant_p10_low_panels_page1.svg
H2AZ2,colon,variant,variant_p10_low_panels,variant p10 low panels,variant,low,0.1,2,CURATED_SET/BioAnalyze/stats/ranking/plots/variant_p10_low_panels_page2.png,CURATED_SET/BioAnalyze/stats/ranking/plots/variant_p10_low_panels_page2.svg
H2AZ2,uterus,variant,variant_p10_low_panels,variant p10 low panels,variant,low,0.1,3,CURATED_SET/BioAnalyze/stats/ranking/plots/variant_p10_low_panels_page3.png,CURATED_SET/BioAnalyze/stats/ranking/plots/variant_p10_low_panels_page3.svg
MACROH2A1,kidney,variant,variant_p10_low_panels,variant p10 low panels,variant,low,0.1,2,CURATED_SET/BioAnalyze/stats/ranking/plots/variant_p10_low_panels_page2.png,CURATED_SET/BioAnalyze/stats/ranking/plots/variant_p10_low_panels_page2.svg
MACROH2A1,retina,variant,variant_p10_low_panels,variant p10 low panels,variant,low,0.1,2,CURATED_SET/BioAnalyze/stats/ranking/plots/variant_p10_low_panels_page2.png,CURATED_SET/BioAnalyze/stats/ranking/plots/variant_p10_low_panels_page2.svg
H2AC14,testis,clustered,candidate_focus_panels,candidate focus panels,focus,mixed,,1,CURATED_SET/BioAnalyze/stats/ranking/plots/candidate_focus_panels.png,CURATED_SET/BioAnalyze/stats/ranking/plots/candidate_focus_panels.svg
H2AC6,prefrontal cortex,clustered,candidate_focus_panels,candidate focus panels,focus,mixed,,1,CURATED_SET/BioAnalyze/stats/ranking/plots/candidate_focus_panels.png,CURATED_SET/BioAnalyze/stats/ranking/plots/candidate_focus_panels.svg
H2AJ,pituitary gland,variant,candidate_focus_panels,candidate focus panels,focus,mixed,,1,CURATED_SET/BioAnalyze/stats/ranking/plots/candidate_focus_panels.png,CURATED_SET/BioAnalyze/stats/ranking/plots/candidate_focus_panels.svg
H2AJ,testis,variant,candidate_focus_panels,candidate focus panels,focus,mixed,,1,CURATED_SET/BioAnalyze/stats/ranking/plots/candidate_focus_panels.png,CURATED_SET/BioAnalyze/stats/ranking/plots/candidate_focus_panels.svg
H2AX,adipose tissue,variant,candidate_focus_panels,candidate focus panels,focus,mixed,,1,CURATED_SET/BioAnalyze/stats/ranking/plots/candidate_focus_panels.png,CURATED_SET/BioAnalyze/stats/ranking/plots/candidate_focus_panels.svg
MACROH2A2,zone of skin,variant,candidate_focus_panels,candidate focus panels,focus,mixed,,1,CURATED_SET/BioAnalyze/stats/ranking/plots/candidate_focus_panels.png,CURATED_SET/BioAnalyze/stats/ranking/plots/candidate_focus_panels.svg
